resolution,exit,macs,act_bytes,weight_bytes,time_ms,energy_decomposed_j,energy_macs_only_j
16,0,1411248.0,61840.0,28672.0,1.0234240000136197,0.002155338961625877,5.9272416e-06
16,1,2593296.0,92960.0,115280.0,2.056547999382019,0.004129947274025836,1.08918432e-05
16,2,3777744.0,108720.0,435552.0,2.974403998814523,0.005899090114547594,1.58665248e-05
24,0,3173808.0,138640.0,28672.0,1.1060300003737211,0.00232357343431007,1.33299936e-05
24,1,5830416.0,208160.0,115280.0,2.1452519996091723,0.004317604618457427,2.4487747199999998e-05
24,2,8489424.0,243120.0,435552.0,3.1744219991378486,0.006304890331161912,3.5655580799999996e-05
32,0,5641392.0,246160.0,28672.0,1.2200500001199543,0.0025560077346279127,2.36938464e-05
32,1,10362384.0,369440.0,115280.0,2.3327700002118945,0.0047006564612026,4.35220128e-05
32,2,15085776.0,431280.0,435552.0,3.4221759997308254,0.006811695354688568,6.33602592e-05
