policy,site,panel_area_m2,total_value,n_correct,total_energy_j,inferences_per_joule,downtime_frac,value_recall,event_recall,n_events,n_events_captured,wear,equiv_full_cycles_per_year,projected_replacements,carbon_kg,ctu,gco2e_per_correct,capture_rate,controller_overhead_j,lambda_mean,lambda_max,lambda_frac_zero,mu_mean,mu_max,online_wear,wear_online_vs_offline_relerr,seed
ours,dhaka,0.004446412849426269,4.840000000000001,242,105224.54683999794,0.0022998435941756034,0.15357142857142858,0.2897490858655907,0.211864406779661,118,25,0.00027545473770223216,38.00602101490642,0.07181498518665339,22.84941709496346,0.21182159614333657,94.41907890480769,0.33442460317460315,0.02654400000000691,0.0024013126705183744,0.009450521666447848,0.16964285714285715,4.2804338867491385e-09,5.37360797347508e-09,0.000275074903246186,0.001378936006745153,0
static_max,dhaka,0.004446412849426269,14.64,487,121010.05192446141,0.00402445906150013,0.358234126984127,0.6139200605220023,0.5677966101694916,118,67,0.00016668959346959384,24.048484943714868,0.043458358297429826,22.839775841821126,0.6409870263784814,46.89892369983804,0.6403769841269841,0.0,,,,,,,,0
static_min,dhaka,0.004446412849426269,8.1,307,115866.44276063428,0.002649602358417303,0.3009920634920635,0.6876812507880469,0.6694915254237288,118,79,0.0002285585836484233,32.28936188000106,0.059588487879767504,22.84526008587912,0.3545593251970324,74.41452796703297,0.6981150793650793,0.0,,,,,,,,0
ours,dhaka,0.004446412849426269,5.48,176,103676.45168675782,0.0016975889619733175,0.1453373015873016,0.286745993534631,0.23076923076923078,91,21,7.174999943460722e-05,10.971338317030542,0.018706249852594028,22.83136012494988,0.24002074208498472,129.72363707357889,0.3115079365079365,0.02654400000000691,0.0028101434622600408,0.009450521666447848,0.09523809523809523,3.3151981692255193e-09,5.3525400469236845e-09,7.194257163366019e-05,0.0026839331089957,1
static_max,dhaka,0.004446412849426269,9.82,442,121071.05435281433,0.003650748747194053,0.35773809523809524,0.6133846894559459,0.5494505494505495,91,50,0.0002674009502999723,36.828501574615245,0.0697152477567785,22.848703184237305,0.42978369147770934,51.69389860687173,0.6416666666666667,0.0,,,,,,,,1
static_min,dhaka,0.004446412849426269,6.5600000000000005,279,115612.72705280353,0.0024132291237501297,0.3084325396825397,0.6914505811954055,0.6923076923076923,91,63,0.00015097640454462535,21.363337285476437,0.03936170547056304,22.83838297985999,0.2872357471973796,81.85800351204298,0.6910714285714286,0.0,,,,,,,,1
ours,nairobi,0.004984231376647948,5.92,247,105528.91683677392,0.0023405906874041497,0.14007936507936508,0.29006430462741145,0.19491525423728814,118,23,0.000458557404953845,61.63150675484099,0.11955246629153816,22.86564783853912,0.25890366377558216,92.57347303052275,0.34464285714285714,0.02654400000000691,0.0025402040075181813,0.009450521666447848,0.16666666666666666,4.068005545937972e-09,5.388819378484927e-09,0.0004582944616223465,0.0005734142086854844,0
static_max,nairobi,0.004984231376647948,15.8,496,121446.45391190914,0.0040841044264641295,0.3494047619047619,0.629050561089396,0.5932203389830508,118,70,0.00041947621928004996,56.2503239772521,0.10936344288372732,22.862183570580466,0.6910975914099373,46.093112037460614,0.6496031746031746,0.0,,,,,,,,0
static_min,nairobi,0.004984231376647948,9.080000000000002,307,116227.36228867521,0.0026413745778511312,0.291468253968254,0.703316101374354,0.6949152542372882,118,82,0.0002664216738630464,35.93253475682685,0.06945993640000853,22.848616378376,0.3973982428359794,74.42546051588275,0.7081349206349207,0.0,,,,,,,,0
ours,nairobi,0.004984231376647948,6.82,194,103927.82188277839,0.001866680129396104,0.1320436507936508,0.2780796478437306,0.21978021978021978,91,20,0.0003445889355154096,45.614590855093645,0.08983925818794608,22.855545347783902,0.29839585519499645,117.81208942156651,0.3038690476190476,0.02654400000000691,0.0028241336006257665,0.009450521666447848,0.16071428571428573,3.777312451057999e-09,5.400384873923995e-09,0.00034432771996603624,0.0007580497295499752,1
static_max,nairobi,0.004984231376647948,10.98,451,121530.91881270545,0.0037109897991888644,0.34751984126984126,0.613384689455946,0.5274725274725275,91,48,0.00023513947201307198,32.25090026080379,0.06130421948912234,22.8458434346263,0.48061259070690143,50.655972138860974,0.6513888888888889,0.0,,,,,,,,1
static_min,nairobi,0.004984231376647948,8.700000000000001,288,116009.38118758118,0.002482557850509683,0.2974206349206349,0.692344727973038,0.6703296703296703,91,61,0.0002391328764768321,32.29959539652296,0.0623453570814598,22.846197421407695,0.3808073544811354,79.32707437988783,0.7020833333333333,0.0,,,,,,,,1
ours,munich,0.005316076850891112,5.4,221,105173.4257334224,0.0021012912573577015,0.17212301587301587,0.2932795359979826,0.211864406779661,118,25,0.00038476004088990853,51.847678147398305,0.10031243923201187,22.859106229338884,0.23622970845068667,103.43486981601306,0.33998015873015874,0.02654400000000691,0.002373574619912412,0.009450521666447848,0.13988095238095238,4.299373831517956e-09,5.372767837838019e-09,0.00038441542402998293,0.0008956669698041946,0
static_max,munich,0.005316076850891112,13.520000000000001,480,120212.32786138498,0.0039929349055903875,0.37549603174603174,0.5970243348884126,0.5508474576271186,118,65,0.0003487544432553476,47.0977991821083,0.09092526556300133,22.85591459029142,0.59153178695124,47.61648872977379,0.6235119047619048,0.0,,,,,,,,0
static_min,munich,0.005316076850891112,9.840000000000002,296,115255.38098543626,0.0025682098091142722,0.31726190476190474,0.673811625267936,0.6610169491525424,118,78,0.0003953372803544191,54.58788291514059,0.1030700766638307,22.860043826065702,0.4304453689970682,77.22987779076252,0.6811507936507937,0.0,,,,,,,,0
ours,munich,0.005316076850891112,3.7200000000000006,137,101788.31944394093,0.0013459304638136953,0.13958333333333334,0.23832450649975928,0.16483516483516483,91,15,0.00026822859333511847,35.50048045068181,0.06993102611951303,22.848776548880632,0.16280959254171726,166.77939086774185,0.2708333333333333,0.02654400000000691,0.002841784480602896,0.009450521666447848,0.08035714285714286,3.547338548236171e-09,5.353270562363066e-09,0.0002684476443183011,0.0008166578382228233,1
static_max,munich,0.005316076850891112,11.500000000000002,428,120461.03006928528,0.0035530162721822012,0.3705357142857143,0.6044432216796203,0.5494505494505495,91,50,9.435063962445587e-05,13.941245941462215,0.024598559616375998,22.833363510269567,0.5036489694051315,53.34898016418123,0.6287698412698413,0.0,,,,,,,,1
static_min,munich,0.005316076850891112,7.66,285,115501.94977191967,0.002467490813469263,0.31140873015873016,0.6994291216727423,0.7252747252747253,91,66,0.00019475727969644633,27.470068167879635,0.050776005063716365,22.842263841721664,0.335343294039399,80.14829418147951,0.6879960317460317,0.0,,,,,,,,1
ours,phoenix,0.0032840001106262205,5.08,254,107047.2038761471,0.002372785003276464,0.18432539682539684,0.3463623754885891,0.2627118644067797,118,31,0.0003353217167626891,45.782357219338486,0.08742316187027252,22.85472387503589,0.22227352331081368,89.97922785447201,0.3943452380952381,0.02654400000000691,0.0022723632033633877,0.009450521666447848,0.1636904761904762,3.4650109517175898e-09,5.364160368622597e-09,0.0003351891828126047,0.0003952441594416945,0
static_max,phoenix,0.0032840001106262205,14.520000000000003,481,120864.58459531219,0.00397966039109405,0.36220238095238094,0.5934308410036566,0.5169491525423728,118,61,0.00027443868260400533,36.30090960654769,0.07155008510747282,22.84932702893654,0.6354672932647767,47.503798396957464,0.6373015873015873,0.0,,,,,,,,0
static_min,phoenix,0.0032840001106262205,6.0,300,115716.35741234003,0.0025925461767776652,0.30565476190476193,0.6664985499936957,0.6186440677966102,118,73,0.00032829978416778306,43.71589626026221,0.08559244372945773,22.854101430868013,0.2625349335282142,76.18033810289337,0.6939484126984127,0.0,,,,,,,,0
ours,phoenix,0.0032840001106262205,7.220000000000001,214,105774.75545657732,0.0020231670503634614,0.17142857142857143,0.35903432148015685,0.3516483516483517,91,32,7.70980852598921e-05,11.271873781492667,0.020100572228471867,22.83183419455768,0.31622514154911824,106.69081399326018,0.3623015873015873,0.02654400000000691,0.002494610455927133,0.009450521666447848,0.16666666666666666,2.9719906420975242e-09,5.4424045877765204e-09,7.722456228491239e-05,0.001640469080314353,1
static_max,phoenix,0.0032840001106262205,11.96,451,121254.06163787303,0.003719463034128439,0.3537698412698413,0.6261778664282275,0.5824175824175825,91,53,0.0001830704266716672,24.681811843611193,0.04772907552511323,22.84122788567854,0.5236145823622261,50.64573810571738,0.6455357142857143,0.0,,,,,,,,1
static_min,phoenix,0.0032840001106262205,6.779999999999999,290,115884.31006400264,0.0025024958067216664,0.3009920634920635,0.7067886374578719,0.7252747252747253,91,66,0.00011721496527130524,16.411856998724087,0.03055961594573315,22.83539026942155,0.2969075597135282,78.74272506697085,0.6986111111111111,0.0,,,,,,,,1
ours,bergen,0.007032518959045409,6.520000000000001,179,103804.16629638721,0.0017244009213359475,0.1757936507936508,0.29586432984491234,0.2711864406779661,118,32,0.00029861171671566084,41.60857954528085,0.07785234042944016,22.85146979574601,0.28532081560958295,127.66184243433524,0.3100198412698413,0.02654400000000691,0.002573515743413146,0.009450521666447848,0.14285714285714285,3.899528773309198e-09,5.500057788805182e-09,0.0002990325328900516,0.0014092420050331425,0
static_max,bergen,0.007032518959045409,15.3,471,119353.60136995564,0.0039462571266706895,0.3941468253968254,0.6163787668642037,0.635593220338983,118,75,0.00026734196091013037,37.27617572500111,0.06969986838014114,22.848697955249246,0.669622401677597,48.51103599840604,0.6053571428571428,0.0,,,,,,,,0
static_min,bergen,0.007032518959045409,10.66,288,115176.76485061547,0.002500504336734381,0.31865079365079363,0.6816920943134535,0.6864406779661016,118,81,0.00028768217571668506,38.51939932703384,0.07500285295470718,22.8505009700046,0.46651055983381595,79.34201725696042,0.678968253968254,0.0,,,,,,,,0
ours,bergen,0.007032518959045409,2.88,144,102215.53273419499,0.0014087878441573344,0.166765873015873,0.24822890157507393,0.2087912087912088,91,19,0.00044833024201962357,60.080803980000454,0.116886098812259,22.864741273596167,0.12595812764895692,158.7829255110845,0.2656746031746032,0.02654400000000691,0.002951440264043492,0.009450521666447848,0.15773809523809523,3.1140412866359763e-09,5.3608464435853135e-09,0.00044792845900197304,0.0008961764788397676,1
static_max,bergen,0.007032518959045409,8.299999999999999,415,119973.01064246205,0.0034591113266029773,0.37668650793650793,0.6141412751908659,0.6043956043956044,91,55,0.00022632386349589467,31.65858265783702,0.05900586441142968,22.845061993899886,0.36331702676999844,55.04834215397563,0.618452380952381,0.0,,,,,,,,1
static_min,bergen,0.007032518959045409,7.719999999999999,288,115283.96867082565,0.002498179090471256,0.31398809523809523,0.6851227732306211,0.6923076923076923,91,63,0.0006277267894078711,83.00323071465998,0.16365734152419498,22.880643496118225,0.337403098007699,79.44667880596606,0.6819444444444445,0.0,,,,,,,,1
