policy,site,value_recall,event_recall,n_events,n_events_captured,total_value,n_correct,total_energy_j,inferences_per_joule,downtime_frac,equiv_full_cycles_per_year,final_wear,n_replacements,carbon_kg,ctu,controller_overhead_j,pct_of_oracle
ours,dhaka,0.9663775850567046,0.9636363636363636,165,159,36.120000000000005,1071,199542.4732299531,0.00536727836767753,0.0,41.34990965349157,0.0012456812604085183,1,23.165,1.5592488668249518,0.03792000000001429,53.07081986482516
static_max,dhaka,0.9962641761174117,1.0,165,165,37.08,1119,201867.48996641662,0.005543240272052527,0.005625,37.034003345507784,0.001354548846503876,1,23.165,1.6006906971724584,0.0,54.481339994122834
static_min,dhaka,1.0,1.0,165,165,18.4,626,184797.64929737692,0.0033874889771603046,0.0,77.35968275276191,0.0013195310478747479,1,23.165,0.7943017483272178,0.0,27.034969144872168
conf_only,dhaka,1.0,1.0,165,165,18.92,652,187544.20152035577,0.0034765137749632473,0.0,64.82897367897547,0.0014430323192969688,1,23.165,0.8167494064321176,0.0,27.799000881575083
reactive,dhaka,1.0,1.0,165,165,16.72,640,189043.65696944756,0.003385461381036625,0.0,41.32856460587345,0.0012701121700495718,1,23.165,0.7217785452190805,0.0,24.566558918601235
oracle,dhaka,0.15134534133867025,0.14545454545454545,165,24,68.06,2227,139447.87933399525,0.015970124541414173,0.0,19.216663847613667,0.0036316868558513536,1,23.165,2.938053097345133,0.0,100.0
ours,nairobi,0.9276051011007127,0.9291338582677166,127,118,24.92,952,195898.22080775464,0.004859666392449007,0.0,77.46403416435088,0.001987453955332238,1,23.165,1.0757608461040364,0.03792000000001429,41.230972865651886
static_max,nairobi,0.9776948067691414,0.9921259842519685,127,126,26.6,1036,200216.7866121963,0.0051743913061927625,0.02847222222222222,76.29700014310089,0.0016802652117485827,1,23.165,1.1482840492121738,0.0,44.01058901389808
static_min,nairobi,1.0,1.0,127,127,17.000000000000004,605,184797.64929737692,0.003273851168022339,0.0,59.806982498453245,0.0017083065413166447,1,23.165,0.7338657457371036,0.0,28.127068166776976
conf_only,nairobi,1.0,1.0,127,127,16.44,626,187544.20152035574,0.0033378797900720752,0.0,61.43693913340109,0.0017736439531997675,1,23.165,0.7096913447010577,0.0,27.200529450694905
reactive,nairobi,1.0,1.0,127,127,15.120000000000001,560,187757.5543221502,0.0029825697401190294,0.0,42.684061648560345,0.0015752486502981777,1,23.165,0.6527088279732356,0.0,25.01654533421575
oracle,nairobi,0.14653542161664163,0.13385826771653545,127,17,60.440000000000005,2189,139286.73363968098,0.015715782420906613,0.0,16.020645193469598,0.0030954073110447252,1,23.165,2.6091085689617963,0.0,100.0
ours,munich,0.8956038739080896,0.9117647058823529,136,124,25.120000000000005,913,192718.10066984696,0.004737489612167238,0.015694444444444445,106.04410102393157,0.002814751905689766,1,23.165,1.0843945607597671,0.03792000000001429,37.87696019300362
static_max,munich,0.9298803646031143,0.9411764705882353,136,128,28.860000000000003,1002,196814.41945395624,0.005091090392563503,0.073125,106.45355246166586,0.0032368471360476885,1,23.165,1.2458450248219297,0.0,43.51628468033776
static_min,munich,1.0,1.0,136,136,18.42,627,184797.64929737692,0.0033929003014049695,0.0,73.22782470194772,0.0016678701464754569,1,23.165,0.7951651197927909,0.0,27.774427020506636
conf_only,munich,1.0,1.0,136,136,19.880000000000003,651,187545.57328114752,0.0034711563094272186,0.0,75.23870610159865,0.001728481684117051,1,23.165,0.8581912367796246,0.0,29.97587454764777
reactive,munich,1.0,1.0,136,136,17.76,594,187284.2989426099,0.0031716486825306227,0.0,71.33561566197886,0.0017418667200559334,1,23.165,0.7666738614288798,0.0,26.77925211097708
oracle,munich,0.15742499050512726,0.15441176470588236,136,21,66.32000000000001,2287,139693.90449162244,0.0163715088952729,0.0,34.98614006073386,0.005266063101243699,1,23.165,2.8629397798402767,0.0,100.0
ours,phoenix,1.0,1.0,149,149,29.64,1041,202291.52385557414,0.00514603864837768,0.0,26.577795309653965,0.0007862104302400572,1,23.165,1.279516511979279,0.03792000000001429,42.80762564991334
static_max,phoenix,1.0,1.0,149,149,29.64,1041,202291.52385557414,0.00514603864837768,0.0,26.577795309653965,0.0007862104302400572,1,23.165,1.279516511979279,0.0,42.80762564991334
static_min,phoenix,1.0,1.0,149,149,16.1,609,184797.64929737692,0.0032954964650009993,0.0,59.20490300669888,0.0008372082987390696,1,23.165,0.6950140297863157,0.0,23.252455228191796
conf_only,phoenix,1.0,1.0,149,149,17.44,627,187545.11602755025,0.003343195564249693,0.0,60.151236200600074,0.0008903716783602669,1,23.165,0.7528599179797109,0.0,25.187752744078566
reactive,phoenix,1.0,1.0,149,149,17.520000000000003,680,191178.85637039755,0.0035568786889411076,0.0,24.428453459511662,0.0006371087059681692,1,23.165,0.7563134038420032,0.0,25.303292894280762
oracle,phoenix,0.15953181881019307,0.174496644295302,149,26,69.24000000000001,2188,139266.1172717216,0.01571092842152698,0.0,34.87377848111269,0.002064343796815537,1,23.165,2.988992013813944,0.0,100.0
ours,bergen,0.33869586769411025,0.25157232704402516,159,40,10.92,350,155889.41393746296,0.0022451813189855664,0.07347222222222222,65.09173668093133,0.002488380592588083,1,23.165,0.4714008202028923,0.03792000000001429,15.626788780767027
static_max,bergen,0.6949664278311027,0.6226415094339622,159,99,28.240000000000002,824,182962.64574147738,0.0045036515331347785,0.26243055555555556,34.09934730224835,0.0033835928822153957,1,23.165,1.2190805093891648,0.0,40.412135088723524
static_min,bergen,0.7996935694650985,0.7735849056603774,159,123,13.100000000000001,459,174520.92028583057,0.002630057183105895,0.18465277777777778,33.92141420878074,0.002510506634145599,1,23.165,0.5655083099503562,0.0,18.74642243846594
conf_only,bergen,0.7794150781848498,0.7421383647798742,159,118,13.400000000000002,474,175932.04257016047,0.002694222115968284,0.19847222222222222,33.78231253965631,0.002801428783791737,1,23.165,0.5784588819339522,0.0,19.17572982255295
reactive,bergen,0.8004596458023524,0.7735849056603774,159,123,7.5200000000000005,278,174567.87967887463,0.0015925037327106989,0.18381944444444445,33.845744958417306,0.0024681224871380535,1,23.165,0.32462767105547163,0.0,10.761305094447623
oracle,bergen,0.15745121896264253,0.16352201257861634,159,26,69.88000000000001,2220,139468.47053700537,0.015917576147871818,0.0,65.0456110161743,0.00929849788821776,1,23.165,3.016619900712282,0.0,100.0
