ratio,policy,n,value_score,value_score_lo,value_score_hi,animal_recall,animal_recall_lo,animal_recall_hi,dropped_frac,dropped_frac_lo,dropped_frac_hi,latency_p95_h,latency_p95_h_lo,latency_p95_h_hi,battery_years_to_eol,battery_years_to_eol_lo,battery_years_to_eol_hi,frac_time_soc_above_90,frac_time_soc_above_90_lo,frac_time_soc_above_90_hi,b_wakes_per_day,b_wakes_per_day_lo,b_wakes_per_day_hi,calendar_share,calendar_share_lo,calendar_share_hi
0.3,always_now,45,0.16192744332673795,0.14179869630883205,0.18318229530268518,0.47628006681262564,0.44014877547814363,0.5105600745119664,0.5053344671629764,0.4687849685445216,0.5424650945070006,0.0,0.0,0.0,18.488605518251113,18.116089142592145,18.858240580442295,0.0,0.0,0.0,0.8381735159817353,0.7147869101978693,0.9597260273972602,0.9991028200353878,0.9991015217302973,0.9991040355210125
0.3,ceiling_now,45,0.14525219149287644,0.12700719060563712,0.1646115632511635,0.46279257599957585,0.4265073825855355,0.499246905365847,0.5040387820397257,0.4670300962857824,0.5420032972114933,0.0,0.0,0.0,18.54017658524541,18.148002208833105,18.927696015317412,0.0,0.0,0.0,0.7592694063926941,0.6469071537290716,0.8697884322678843,0.9991028233196725,0.9991016224712914,0.9991040141444905
0.3,ee_now,45,0.11699480036563824,0.10279822884253793,0.1310274501999359,0.5048869458609597,0.47094086020941867,0.540412056625576,0.4339430043295094,0.3858712898619294,0.47741637532520553,0.0,0.0,0.0,18.330415413572837,17.960910708572396,18.70597852791162,0.0,0.0,0.0,0.44937595129375957,0.36419786910197866,0.5334048706240487,0.9991025883246861,0.9991013319703365,0.9991037316460627
0.3,lazy_defer,45,0.14192489414348552,0.12357014732741572,0.16131057124311346,0.5451010748296508,0.5147887448128923,0.5763156887584033,0.39609403259967413,0.35463574820248445,0.4357981694162004,48.0,48.0,48.0,18.030616871905934,17.684500471035758,18.373225569263866,0.0,0.0,0.0,0.11147640791476411,0.08918873668188736,0.1354642313546423,0.99910294081045,0.999101742775517,0.9991041143289785
0.3,sunsched,45,0.14924812625760897,0.13272749771828338,0.16543053583576986,0.5036533169223918,0.46925266188455145,0.5376867227496646,0.4841008499477142,0.4464937743590632,0.5194073362468528,0.5805555555555552,0.5314768518518519,0.6351874999999997,18.39479990784543,18.030362593550255,18.74961756333177,0.0,0.0,0.0,0.5997564687975647,0.5107412480974126,0.6841552511415525,0.9991027430114138,0.9991014518168685,0.9991039411706262
0.5,always_now,45,0.19781375292907838,0.1733948889398034,0.22399325464630693,0.5966882557705949,0.5573200926705332,0.6342024153682779,0.375967606525809,0.3325245978825855,0.42030177752989567,0.0,0.0,0.0,17.566665191382423,17.19005290107181,17.9228569591084,0.0,0.0,0.0,1.0871232876712331,0.9170045662100458,1.2526712328767122,0.9961639972765661,0.9949843373397669,0.9972735708889214
0.5,ceiling_now,45,0.16692245594680505,0.14781531428534936,0.18722037113716475,0.5369223700897687,0.498562043155348,0.5742998183119695,0.41164540765197793,0.36339032728873777,0.4596871455029652,0.0,0.0,0.0,18.114044921590267,17.74215744571149,18.478379808418815,0.0,0.0,0.0,0.8660578386605784,0.7386118721461187,0.9889817351598175,0.99667456632119,0.9956008185333296,0.9976935467404855
0.5,ee_now,45,0.15588852533135814,0.13935157859469308,0.1734279352473495,0.6082897560028027,0.5834887950578659,0.6328118149916874,0.3156779582561893,0.2807747361748931,0.35123778553406626,0.0,0.0,0.0,17.281929431246272,16.937353128524666,17.625592142463965,0.0,0.0,0.0,0.6238051750380517,0.518523592085236,0.7273105022831049,0.9959917879257745,0.9947672305600005,0.9971477156994647
0.5,lazy_defer,45,0.1846837673634841,0.15912208592244007,0.2139929258638192,0.6531036472295928,0.6327525572321675,0.6740773510881759,0.2725763062390103,0.24167863106127346,0.3025765835879142,48.0,48.0,48.0,16.64829219765793,16.30331981029437,16.999734063078996,0.0,0.0,0.0,0.13595129375951295,0.11013394216133943,0.1626879756468797,0.9958457831302411,0.9945720070695337,0.9970572028587622
0.5,sunsched,45,0.17504018851220526,0.1567864733186366,0.19409479441884486,0.5920296498357362,0.556689371230121,0.628776268933948,0.39069318917082674,0.34913290811804726,0.43154549071769377,0.6500000000000001,0.6148148148148148,0.6833333333333335,17.942899790327083,17.56989046892828,18.299493372049252,0.0,0.0,0.0,0.7240791476407915,0.6107123287671233,0.8335022831050226,0.9968161019640082,0.9958909806244705,0.9977375956651084
0.75,always_now,45,0.2792373243806622,0.24243012148779025,0.3193926371126049,0.80413283934153,0.7823190568537383,0.8257601041073046,0.1551999776934023,0.1307769556545002,0.1797021524136924,0.0,0.0,0.0,15.061791860757797,14.697589044362571,15.412739943159846,0.0,0.0,0.0,1.5701674277016742,1.277572298325723,1.8667473363774736,0.9858097826410457,0.9855231316052301,0.9861037245811567
0.75,ceiling_now,45,0.21284579022983913,0.1903536263217758,0.23845912654101364,0.6682160555225997,0.6443199752669783,0.6930070263695663,0.2748438223032711,0.24525147615543116,0.3045497321562481,0.0,0.0,0.0,17.260801635299533,16.89898794417199,17.601597727832452,0.0,0.0,0.0,1.1021613394216134,0.9235905631659054,1.271200913242009,0.9893477416416633,0.9889369115141823,0.9897481820514977
0.75,ee_now,45,0.22009984946446137,0.19011938760986002,0.2545008814342001,0.8362263216307461,0.8151683373759029,0.859061875101743,0.06187595553701348,0.04895372035260582,0.07582515425716242,0.0,0.0,0.0,14.603005817873765,14.288367382799562,14.890807947828199,0.0,0.0,0.0,0.9905631659056318,0.8369452054794524,1.1463059360730594,0.9856155975777411,0.9853109736207057,0.9859145223959592
0.75,lazy_defer,45,0.2511222265739368,0.21244926571959497,0.2931954071658289,0.8852818604972493,0.8645336653654978,0.9064990150650238,0.01789150005924683,0.009248612359802379,0.027805292304337013,48.0,48.0,48.0,13.513807510382405,13.175368405424717,13.819591761385928,0.0,0.0,0.0,0.22697108066971083,0.18184627092846273,0.27519178082191786,0.9856847899423328,0.9854254690342862,0.9859416191307696
0.75,sunsched,45,0.22085515841637265,0.19480240719384445,0.24739831402461707,0.7112567692666332,0.6868523186396878,0.7341223376202438,0.26582885801396844,0.23630475293975525,0.29499769078415056,0.7964814814814813,0.7816666666666666,0.8096296296296296,16.99418005380618,16.648661804876305,17.329184850965376,0.0,0.0,0.0,0.9233485540334854,0.7652907153729072,1.080993911719939,0.9895880765121875,0.9892483781943985,0.9899448083257258
1.0,always_now,45,0.3436305934568239,0.29200688695134697,0.4012685037438212,0.9551362303607194,0.9401424338199625,0.9687345884295139,0.0,0.0,0.0,0.0,0.0,0.0,11.768986021073424,11.500643337572676,12.028859578343138,0.0,0.0,0.0,1.9519025875190263,1.5556484018264836,2.3875007610350076,0.9865594515545898,0.9863071256682081,0.9867990563921853
1.0,ceiling_now,45,0.29644639796125216,0.2526110498519658,0.34512047233466725,0.9221527441155405,0.9045793337041977,0.938960773183898,0.020388549928287113,0.011673320782663267,0.029676175132689036,0.0,0.0,0.0,15.757706420089336,15.433332500759157,16.084361135866203,0.0,0.0,0.0,1.6720243531202437,1.345509893455099,2.0083105022831047,0.9899441385270505,0.9897385145672258,0.9901654564791881
1.0,ee_now,45,0.2375707194764458,0.2049360243736059,0.2729315393632541,0.9114945544715739,0.8927778090032492,0.9296538631476557,0.0,0.0,0.0,0.0,0.0,0.0,11.72656872498058,11.45134342567499,11.992522237308867,0.0,0.0,0.0,1.8704414003044143,1.4856423135464234,2.269056316590563,0.9866316153062675,0.9864097369648561,0.9868640298985566
1.0,lazy_defer,45,0.3122439834558007,0.2608962869984812,0.3701746187099141,0.9408552788507145,0.9246467969394279,0.9568441772355282,0.0,0.0,0.0,43.912962962962965,39.88148148148149,47.18703703703704,11.049555400451474,10.779858050621488,11.298865954293502,0.0,0.0,0.0,0.8929071537290715,0.6958158295281582,1.117324200913242,0.987754217136422,0.9874396890676039,0.9880472856370436
1.0,sunsched,45,0.3105574803711265,0.2679650813629512,0.3587925764988519,0.9547340090202213,0.9430320236644849,0.9655088802288035,0.014245923007783184,0.006351696571402716,0.023762057897241444,0.8592592592592594,0.8481481481481484,0.8703703703703707,15.380967041628058,15.087389345709562,15.685274248944474,0.0,0.0,0.0,1.296377473363775,1.0481872146118723,1.5668203957382036,0.9905661049129109,0.9903989996392935,0.9907350069079957
1.5,always_now,45,0.3436305934568239,0.29127327872229636,0.3979611673735819,0.9551362303607194,0.9405720255863448,0.9692280371386996,0.0,0.0,0.0,0.0,0.0,0.0,7.939973978258715,7.782891574492263,8.087790073764644,0.715704380179266,0.6991862580331472,0.7317765728056823,1.9519025875190266,1.5513424657534245,2.3754672754946733,0.9919029353529589,0.9917044214952441,0.9920872540624094
1.5,ceiling_now,45,0.33891650233356624,0.29096116561260704,0.39376662298123105,0.9551264225151709,0.9392495681380699,0.9688174484056944,0.0,0.0,0.0,0.0,0.0,0.0,14.711133623533975,14.418586838853722,14.991695021979687,0.0,0.0,0.0,1.9519025875190263,1.5414216133942167,2.377814307458143,0.993725611954156,0.9934817458561391,0.9939588737399779
1.5,ee_now,45,0.3367580378893118,0.28559523484796634,0.391540220338026,0.9538460904446678,0.938708030512188,0.967446714724167,0.0,0.0,0.0,0.0,0.0,0.0,7.942215413263747,7.79343760285039,8.087087048041882,0.7142892778623372,0.6968176951209201,0.7307455024945035,1.9519025875190263,1.5543744292237445,2.362502283105023,0.991877837435802,0.9916804773741255,0.9920782317137985
1.5,lazy_defer,45,0.34346959245549397,0.291343586352692,0.3977070714227728,0.9551242183487073,0.9408311039392289,0.9683697553982737,0.0,0.0,0.0,10.703703703703706,10.540740740740741,10.877824074074073,7.880922389667598,7.726126089517512,8.029319928480806,0.761373033992897,0.7463085151361407,0.7771326420598681,1.1593302891933028,0.9517077625570779,1.3558736681887367,0.9923756468594419,0.9922838544982753,0.9924578608946762
1.5,sunsched,45,0.3152939432037829,0.27225658817142045,0.3646990644257662,0.9683516487588418,0.9577820372324592,0.9777738950637961,0.0,0.0,0.0,0.8390740740740741,0.8240740740740742,0.8538888888888887,14.644941958350485,14.36079207982837,14.922865853055614,0.0,0.0,0.0,1.332420091324201,1.0598858447488588,1.6015662100456618,0.9941741931325195,0.9940402293697398,0.9943024085241016
2.0,always_now,45,0.3436305934568239,0.29307925056184403,0.4009582693383576,0.9551362303607194,0.94007331007717,0.9686175371407031,0.0,0.0,0.0,0.0,0.0,0.0,7.711602204346194,7.568583725398628,7.846123360769526,0.9022831050228312,0.8978334443176051,0.9067877187975646,1.9519025875190263,1.5646027397260278,2.3648964992389647,0.9925869040809437,0.9924440497320449,0.99272772860457
2.0,ceiling_now,45,0.34313582908323376,0.29123143076536456,0.3998256156887938,0.9550918764714431,0.9398836722333491,0.9687434543328118,0.0,0.0,0.0,0.0,0.0,0.0,14.576706859168231,14.270489313882157,14.860409049310812,0.0,0.0,0.0,1.9519025875190263,1.5596255707762559,2.373700152207002,0.9942796350406112,0.9940827967452294,0.994471699900857
2.0,ee_now,45,0.3428834838266842,0.2907417657111931,0.3995001311962901,0.9549795170684855,0.94055368071124,0.9679149030750168,0.0,0.0,0.0,0.0,0.0,0.0,7.711782757463144,7.5676041845093485,7.84560360337782,0.9020101894131574,0.8976437404870624,0.9064935470573313,1.9519025875190263,1.5484611872146117,2.3856407914764084,0.9925670408710974,0.9924150356216214,0.9927106174460993
2.0,lazy_defer,45,0.34346959245549397,0.29129620038954596,0.39898286961203017,0.9551242183487073,0.9401687267728885,0.9678827234182429,0.0,0.0,0.0,10.67962962962963,10.52587962962963,10.831527777777778,7.704306021880619,7.560831638008975,7.842572397175302,0.9095104008117709,0.9043687637409099,0.9148595837561305,1.1923896499238966,0.9663546423135466,1.408284627092846,0.9928867857608736,0.9928152196438889,0.9929592323132764
2.0,sunsched,45,0.3152939432037829,0.27443462889984294,0.3628045367858214,0.968351648758842,0.9581910874397868,0.9777865861635336,0.0,0.0,0.0,0.8000000000000003,0.7814814814814816,0.8185185185185188,14.511494774465161,14.214028412413397,14.78586124013967,0.0,0.0,0.0,1.3508675799086758,1.0853348554033486,1.6252678843226784,0.9946534827714211,0.9945353974145233,0.9947672897129181
3.0,always_now,45,0.3436305934568239,0.29068966813320074,0.39822193645659304,0.9551362303607194,0.9398045297559512,0.968519717619617,0.0,0.0,0.0,0.0,0.0,0.0,7.651168346365152,7.5161997375667156,7.795683220316753,0.9628965837984104,0.9611533115592762,0.9646713438609841,1.9519025875190263,1.5467884322678846,2.3855312024353115,0.9930079105959858,0.9928764176095473,0.9931396999425345
3.0,ceiling_now,45,0.34356379649818947,0.291050060182032,0.4002154743802171,0.9551521826307591,0.9398529188923995,0.9682644826869512,0.0,0.0,0.0,0.0,0.0,0.0,14.351583876662707,14.0713143495808,14.62593483186178,0.0,0.0,0.0,1.9519025875190263,1.5515266362252667,2.3449847792998475,0.9947723347049753,0.9945937518839025,0.9949472249368967
3.0,ee_now,45,0.34368760389811015,0.2922227585370656,0.40135224814902243,0.955242902689614,0.9401603611707305,0.9687200758381335,0.0,0.0,0.0,0.0,0.0,0.0,7.651155974632978,7.506141103432603,7.793338041347726,0.9628648740064264,0.9611254333671567,0.9646550925925926,1.9519025875190263,1.5372785388127852,2.3570867579908676,0.9929962834701009,0.992866158413148,0.9931286476466151
3.0,lazy_defer,45,0.34348144936629443,0.2917463862615241,0.4026814436329694,0.9551402343647232,0.9401530475411701,0.9683414221985289,0.0,0.0,0.0,10.614814814814816,10.477731481481479,10.753703703703701,7.650309736268623,7.510712491089957,7.78511328111631,0.964690935227465,0.9630569719262643,0.9663081980382209,1.231537290715373,1.0027351598173515,1.4730228310502285,0.99325383445838,0.9931805096210065,0.9933253036843329
3.0,sunsched,45,0.31529394320378296,0.27166405678723726,0.36397296245159666,0.9683516487588422,0.9572814455760755,0.9778658790018105,0.0,0.0,0.0,0.7629629629629628,0.7388888888888889,0.7851851851851854,14.272019073598228,13.977697776442787,14.567645934243009,0.0,0.0,0.0,1.378021308980213,1.1037701674277018,1.6847199391171988,0.9950797669474069,0.9949570339775496,0.9951976528859453
