location,captures,captures_per_day,always_now_kj_per_day,panel_cm2_at_ratio_0.3,panel_cm2_at_ratio_0.5,panel_cm2_at_ratio_0.75,panel_cm2_at_ratio_1.0,panel_cm2_at_ratio_1.5,panel_cm2_at_ratio_2.0,panel_cm2_at_ratio_3.0
0,1861,5.1,0.235,0.19,0.32,0.47,0.63,0.95,1.26,1.9
100,4890,13.4,0.227,0.18,0.31,0.46,0.61,0.92,1.22,1.83
105,2169,5.94,0.197,0.16,0.26,0.4,0.53,0.79,1.06,1.59
130,1455,3.99,0.188,0.15,0.25,0.38,0.51,0.76,1.01,1.52
28,1333,3.65,0.191,0.15,0.26,0.39,0.52,0.77,1.03,1.55
40,1079,2.96,0.183,0.15,0.25,0.37,0.49,0.74,0.99,1.48
46,6276,17.19,0.241,0.19,0.32,0.49,0.65,0.97,1.3,1.95
7,1853,5.08,0.193,0.16,0.26,0.39,0.52,0.78,1.04,1.56
78,2359,6.46,0.199,0.16,0.27,0.4,0.54,0.81,1.07,1.61
