ratio,policy,tag_sweep,tag_value,n,value_score,value_score_lo,value_score_hi,animal_recall,animal_recall_lo,animal_recall_hi,dropped_frac,dropped_frac_lo,dropped_frac_hi,latency_p95_h,latency_p95_h_lo,latency_p95_h_hi,battery_years_to_eol,battery_years_to_eol_lo,battery_years_to_eol_hi,frac_time_soc_above_90,frac_time_soc_above_90_lo,frac_time_soc_above_90_hi,b_wakes_per_day,b_wakes_per_day_lo,b_wakes_per_day_hi,calendar_share,calendar_share_lo,calendar_share_hi
0.5,ceiling_now,ceiling_margin,0.05,45,0.17646107537207203,0.15406473689201503,0.20161944885947164,0.5376576089806241,0.5024202739627487,0.571445706780414,0.4111557453598285,0.36654330417162684,0.45589895021310817,0.0,0.0,0.0,18.113310201321188,17.724568590957226,18.49025817418941,0.0,0.0,0.0,0.8639269406392694,0.7419695585996958,0.9835692541856926,0.9966698592260602,0.9956708236125802,0.9976283008037332
0.5,ceiling_now,ceiling_margin,0.1,45,0.17646107537207203,0.15347564796547195,0.20125039135008665,0.5376576089806241,0.501010613638188,0.5726574614189599,0.4111557453598286,0.3649406535133447,0.45595856783631494,0.0,0.0,0.0,18.11331020132119,17.73822741920007,18.48871043092338,0.0,0.0,0.0,0.8639269406392694,0.7454992389649926,0.9825357686453575,0.9966698592260602,0.9956474911412343,0.9976475424017472
0.5,ceiling_now,ceiling_margin,0.2,45,0.17646107537207203,0.15349585844923339,0.2015924557248324,0.5376576089806241,0.5044262978437438,0.5735089624500821,0.4111557453598285,0.3657537370593335,0.45550268036436425,0.0,0.0,0.0,18.11331020132119,17.720109034786258,18.483692541447766,0.0,0.0,0.0,0.8639269406392694,0.7378904109589042,0.9835114155251139,0.9966698592260602,0.9956713374773812,0.9976291521021918
0.5,ceiling_now,ceiling_margin,0.4,45,0.17338819838342798,0.15295896186513339,0.19494647963992223,0.5622514745981569,0.5316696967195897,0.5945484515849698,0.3784599137758949,0.3375508945524032,0.41860557364030493,0.0,0.0,0.0,17.921480260223536,17.54457274022399,18.304347216214435,0.0,0.0,0.0,0.8307458143074582,0.7062998477929985,0.950998477929985,0.9964117268892587,0.9953084692143438,0.9975157008200484
0.5,ee_now,ee_theta_hi,0.5,45,0.15530194887041435,0.13819768300767618,0.17283771261095857,0.6222226551358324,0.5996674827268478,0.6450077472889996,0.3069155113631101,0.27184157678514054,0.34340159633026723,0.0,0.0,0.0,17.164369525305343,16.80578896154745,17.506692184535208,0.0,0.0,0.0,0.517199391171994,0.42671689497716914,0.6052480974124809,0.9959476212307551,0.994677557676876,0.9971465169246249
0.5,ee_now,ee_theta_hi,0.7,45,0.15652178417170726,0.13976678480060492,0.1733401212859172,0.6141076782662939,0.5910583867666335,0.6364104298088086,0.31213502452257075,0.2776182519434639,0.348472915865488,0.0,0.0,0.0,17.234712821845537,16.88729491070165,17.57286203972573,0.0,0.0,0.0,0.5794216133942162,0.48401065449010666,0.6762922374429224,0.9959814276875881,0.9947651734021757,0.997176438391269
0.5,ee_now,ee_theta_hi,0.9,45,0.15442170401155494,0.13620049202513207,0.1714454491847522,0.611473574564275,0.5899840293238184,0.6328664044842007,0.3145403781755339,0.2808402486261569,0.3480877981113395,0.0,0.0,0.0,17.270044565960877,16.92329522910147,17.622223400843232,0.0,0.0,0.0,0.6124200913242009,0.5132983257229833,0.7131263318112634,0.9959881670320528,0.9948196595497386,0.9971432653918902
0.5,ee_now,ee_theta_hi,0.99,45,0.15389822211831983,0.13700823001859874,0.17115451512720548,0.6105506988172743,0.5876965335400187,0.6333207962297385,0.315718286956491,0.2817323010606273,0.3508990508455641,0.0,0.0,0.0,17.280905871779126,16.92769284711787,17.627186827498463,0.0,0.0,0.0,0.6230745814307457,0.5210258751902589,0.7284170471841703,0.9959900977073588,0.9947809035318487,0.9971419150930397
0.5,lazy_defer,lazy_theta,0.5,45,0.18495879116972835,0.1593077348778096,0.21199325242159717,0.660829408984202,0.6403012860423585,0.6807096613868864,0.2725763062390103,0.24215367083739825,0.3025859162986001,48.0,48.0,48.0,16.648270261808502,16.303882887799777,16.988111995267438,0.0,0.0,0.0,0.13595129375951295,0.11050228310502283,0.16176864535768645,0.995845782533626,0.9946003425175035,0.997048018423426
0.5,lazy_defer,lazy_theta,0.7,45,0.18495879116972833,0.1593671353060546,0.2114395717885352,0.660849429004222,0.6399189077533755,0.6804551420110415,0.2725763062390103,0.24242913073981745,0.303348900382788,48.0,48.0,48.0,16.648292197657927,16.30653496888434,16.993477046397835,0.0,0.0,0.0,0.13595129375951295,0.1100730593607306,0.16256316590563163,0.995845783130241,0.9945023761698422,0.9970701223025752
0.5,lazy_defer,lazy_theta,0.9,45,0.18495879116972835,0.16077133180419378,0.21317114816505872,0.660849429004222,0.6412170787325783,0.681162790097898,0.2725763062390103,0.24189734980837893,0.30234530351847544,48.0,48.0,48.0,16.64829219765793,16.295335991507123,16.98284163800977,0.0,0.0,0.0,0.13595129375951295,0.11153272450532727,0.16207001522070016,0.995845783130241,0.9945840458713509,0.9970705792239278
0.5,lazy_defer,lazy_theta,0.99,45,0.18495879116972835,0.1591311637246735,0.21138485948743466,0.660849429004222,0.6403060334150622,0.6821363466770552,0.27257630623901025,0.24105364380802433,0.30549216086781167,48.0,48.0,48.0,16.648292197657927,16.28825779853111,17.01599686251819,0.0,0.0,0.0,0.13595129375951295,0.10958447488584473,0.1631065449010654,0.9958457831302407,0.9945161494423929,0.9970753806067486
0.5,sunsched,alpha,0.01,45,0.1754105830355416,0.1558688798756979,0.19715042407016534,0.5847612616867305,0.5525812420584035,0.6182639431926323,0.38136020155197325,0.3399902845682013,0.42066580709699397,1.1040740740740722,0.8795833333333334,1.4137129629629566,17.87713116866436,17.53928856254822,18.215040703972377,0.0,0.0,0.0,0.6274581430745815,0.5353987823439879,0.7230045662100456,0.9968468169368824,0.995941370850698,0.9977273433845476
0.5,sunsched,alpha,0.02,45,0.1754105830355416,0.15518131061898768,0.19619179119098631,0.5847612616867305,0.5487268363812278,0.6210457569589494,0.38136020155197337,0.3353767199055282,0.4239841264803769,1.1040740740740724,0.8833333333333333,1.4159537037036989,17.87713116866436,17.50820749638843,18.233462733076568,0.0,0.0,0.0,0.6274581430745815,0.5289391171993912,0.7290852359208523,0.9968468169368824,0.995862933377442,0.9977859018134573
0.5,sunsched,alpha,0.05,45,0.17541018780518158,0.1555221947768044,0.19519890090478476,0.5847452456707145,0.5482251222281258,0.6189584185028464,0.3813849873320172,0.33988630484377663,0.4256907416679234,1.1040740740740724,0.8814814814814818,1.4103888888888854,17.877159093545774,17.5209031245433,18.225860978106414,0.0,0.0,0.0,0.6275799086757992,0.533455098934551,0.7251263318112632,0.9968467949838811,0.9958494361719868,0.9977276470674902
0.5,sunsched,alpha,0.1,45,0.17543027569793934,0.1553958430067873,0.19552351229655257,0.5846849741780997,0.5494477119328938,0.6195691294181979,0.3814429590777882,0.33769932133868796,0.4230231089513544,1.1040740740740722,0.8777314814814815,1.4011203703703672,17.87724253746467,17.49563981539014,18.227081784953374,0.0,0.0,0.0,0.6279452054794521,0.5313211567732117,0.7263439878234398,0.9968483335174183,0.9958695153545664,0.9977732950159087
0.5,sunsched,alpha,0.2,45,0.17541525694425875,0.1565738707662528,0.19603879503704505,0.5846595199704413,0.548738936071123,0.6221337604343338,0.38147329287555615,0.3361569650856689,0.4236776364578271,1.1040740740740724,0.8758796296296298,1.4181944444444385,17.877256866851177,17.500618038401427,18.2426004787375,0.0,0.0,0.0,0.6281887366818873,0.5280228310502283,0.7276788432267884,0.9968466922294217,0.995859244596411,0.997813355160527
0.5,sunsched,reserve_margin,0.0,45,0.17541018780518158,0.15689238931131397,0.19544409821340664,0.5847452456707145,0.5485955633195654,0.6196236443751764,0.3813849873320173,0.33985073919536996,0.42467658780832884,1.1040740740740724,0.8796296296296297,1.4141111111111062,17.877159093545774,17.52157787741921,18.22127217483551,0.0,0.0,0.0,0.6275799086757992,0.5276621004566211,0.725118721461187,0.9968467949838811,0.9958701582548163,0.9977491758461535
0.5,sunsched,reserve_margin,0.03,45,0.17541018780518158,0.15564484927731992,0.1952807401193357,0.5847452456707145,0.548550603815407,0.6189227431855902,0.3813849873320172,0.33956069508953135,0.42600565910086524,1.1040740740740724,0.8777314814814817,1.3985277777777718,17.877159093545774,17.514066345458204,18.22208576761866,0.0,0.0,0.0,0.6275799086757992,0.5339984779299848,0.7243242009132419,0.9968467949838811,0.9958626680253769,0.9977323051738802
0.5,sunsched,reserve_margin,0.1,45,0.17541018780518158,0.15525924380415296,0.19508573513593067,0.5847452456707145,0.5503404338024358,0.6214846379452948,0.3813849873320172,0.33901313727953303,0.42231213298029485,1.1040740740740722,0.883287037037037,1.391166666666662,17.877159093545774,17.512378709327905,18.236035732402126,0.0,0.0,0.0,0.6275799086757992,0.5319680365296804,0.7271248097412482,0.9968467949838811,0.9958657764336707,0.9977495093537952
0.5,sunsched,reserve_margin,0.2,45,0.17541018780518158,0.15570091397941102,0.1955876959928966,0.5847452456707145,0.5498575832141029,0.6186911144118326,0.3813849873320172,0.3396493522546271,0.4231924681868318,1.1040740740740724,0.8814351851851852,1.399657407407403,17.877159093545774,17.53818199853248,18.22971907466818,0.0,0.0,0.0,0.6275799086757992,0.5313820395738205,0.724082191780822,0.9968467949838811,0.9958972235515899,0.9977246545480818
1.0,ceiling_now,ceiling_margin,0.05,45,0.3079926559203213,0.2613634074757088,0.3596253467626075,0.9208466046338455,0.9041782186270657,0.9380740089277846,0.019916909881506295,0.011061016824062535,0.029088749964977047,0.0,0.0,0.0,15.756208170048447,15.424382473131727,16.075770110761457,0.0,0.0,0.0,1.6674581430745816,1.3426986301369863,1.9855464231354638,0.9899505367859774,0.989740786712476,0.9901699420705934
1.0,ceiling_now,ceiling_margin,0.1,45,0.30799265592032127,0.26104919108147756,0.35911613596058745,0.9208466046338455,0.9049276402345281,0.9378121411495445,0.019916909881506295,0.011252183001702493,0.029206210488594134,0.0,0.0,0.0,15.756208170048447,15.429434251171706,16.077140461317946,0.0,0.0,0.0,1.6674581430745812,1.3552054794520552,2.000951293759513,0.9899505367859774,0.9897422584087673,0.9901633165722878
1.0,ceiling_now,ceiling_margin,0.2,45,0.30799265592032127,0.26102078954951746,0.35916777261051097,0.9208466046338455,0.9046753639411712,0.9370010717973737,0.019916909881506295,0.01119741497096277,0.029800738407544568,0.0,0.0,0.0,15.756208170048447,15.42263863593228,16.075171096120755,0.0,0.0,0.0,1.6674581430745812,1.3563987823439878,1.9922739726027396,0.9899505367859772,0.9897509564110405,0.9901723719341358
1.0,ceiling_now,ceiling_margin,0.4,45,0.3129353774077434,0.2642114269909671,0.3656923201977634,0.9378026804307072,0.9221652139395212,0.9538416836656614,0.0,0.0,0.0,0.0,0.0,0.0,14.435643406937634,14.083344014596022,14.75915994583942,0.0,0.0,0.0,1.824231354642313,1.4688158295281581,2.2009025875190247,0.9886749171503254,0.9884515202614682,0.988905813493079
1.0,ee_now,ee_theta_hi,0.5,45,0.23905214303218503,0.19888288248997632,0.2822332873807389,0.90942527908555,0.8895016654190824,0.9294878172196411,0.0,0.0,0.0,0.0,0.0,0.0,11.719074324391563,11.441038166869108,11.984190133837757,0.0,0.0,0.0,1.7705327245053275,1.4208782343987822,2.1221324200913245,0.9866700792769841,0.9864432640428848,0.9869026746818118
1.0,ee_now,ee_theta_hi,0.7,45,0.241848763628899,0.2000327287635579,0.2843175308910721,0.9102684067934246,0.890780653098533,0.9296506747378936,0.0,0.0,0.0,0.0,0.0,0.0,11.72470045231379,11.460629482424249,11.971421168756919,0.0,0.0,0.0,1.8311111111111116,1.4626773211567736,2.211817351598174,0.9866420445109548,0.9864171819385916,0.9868755919782238
1.0,ee_now,ee_theta_hi,0.9,45,0.24342265014236233,0.20238571682536036,0.2893690642970798,0.9102365453686226,0.8906920430123196,0.9306629599563524,0.0,0.0,0.0,0.0,0.0,0.0,11.726200715095931,11.449718143350262,11.997131367599547,0.0,0.0,0.0,1.8611263318112636,1.4964703196347033,2.2449893455098935,0.9866336828379029,0.9863955864877365,0.986872232994834
1.0,ee_now,ee_theta_hi,0.99,45,0.24360753379685376,0.20233489908299776,0.28753582199616734,0.9103253658818786,0.8907154399959876,0.9301968093320392,0.0,0.0,0.0,0.0,0.0,0.0,11.726497624779276,11.447689334538527,11.989106289262965,0.0,0.0,0.0,1.8691019786910201,1.5041080669710813,2.263278538812785,0.9866273968270729,0.9863982352004285,0.9868585941988895
1.0,lazy_defer,lazy_theta,0.5,45,0.3188564458706514,0.2649119014401525,0.3788861229729836,0.9401338045748051,0.9264782249611031,0.9538591189267777,0.0,0.0,0.0,43.912962962962965,40.61296296296297,47.18703703703704,11.049512228233738,10.786993832489713,11.30341995751736,0.0,0.0,0.0,0.8928462709284626,0.6891735159817352,1.1035829528158294,0.9877526723575198,0.987424020341201,0.9880673848617142
1.0,lazy_defer,lazy_theta,0.7,45,0.318848541263451,0.2638079503694505,0.3785256112867242,0.9401538245948251,0.9252187730628786,0.9544658258559165,0.0,0.0,0.0,43.912962962962965,40.58259259259259,47.18703703703704,11.049555400451476,10.778740500462932,11.296129454781996,0.0,0.0,0.0,0.8929071537290716,0.6896255707762559,1.1054550989345506,0.9877542171364218,0.9874266171867309,0.988046776690613
1.0,lazy_defer,lazy_theta,0.9,45,0.318848541263451,0.26672231096449467,0.37775774138792123,0.9401538245948253,0.9263714907654892,0.9537484071528998,0.0,0.0,0.0,43.912962962962965,39.85916666666667,47.16111111111111,11.049555400451474,10.789651122090563,11.298494403581639,0.0,0.0,0.0,0.8929071537290714,0.689599695585997,1.1034322678843222,0.9877542171364221,0.9874252455719835,0.9880649869543158
1.0,lazy_defer,lazy_theta,0.99,45,0.318848541263451,0.26736999404222156,0.37881746287643214,0.9401538245948253,0.9254787358403566,0.9543170418997885,0.0,0.0,0.0,43.912962962962965,40.58694444444444,47.16111111111111,11.049555400451474,10.790175967986192,11.296501128943019,0.0,0.0,0.0,0.8929071537290714,0.6894292237442923,1.1214277016742769,0.9877542171364221,0.9874328302894883,0.9880555347673048
1.0,sunsched,alpha,0.01,45,0.2923934014818836,0.25053035906159565,0.34147888321884795,0.9295447024606426,0.9186969907224415,0.9411874197038509,0.009635437577435478,0.0042239327444148446,0.016467958121822838,4.321759259259251,2.6643356481481453,6.7068055555555475,15.286906085505299,14.996731406984859,15.568445176231556,0.0,0.0,0.0,1.1007001522070015,0.8863896499238962,1.3235585996955859,0.9909027328534757,0.9907089603804325,0.9910915362250114
1.0,sunsched,alpha,0.02,45,0.2923934014818836,0.2500448634371961,0.34190056846205774,0.9295447024606427,0.9184625467449401,0.9414250679002811,0.009635437577435478,0.0043881999372197625,0.016450115581122127,4.321759259259251,2.692041666666659,6.682465277777756,15.286906085505302,15.000361320250278,15.56456366349473,0.0,0.0,0.0,1.1007001522070012,0.881937595129376,1.3302952815829527,0.9909027328534757,0.9907113845656851,0.9910868968287418
1.0,sunsched,alpha,0.05,45,0.2923934014818836,0.24997096531746688,0.3417668404792687,0.9295447024606426,0.9185273439184696,0.9415594574773217,0.009635437577435478,0.004372520998401668,0.01646267875298043,4.321759259259251,2.6941342592592514,6.637717592592582,15.286906085505302,14.975951951057825,15.587714325227468,0.0,0.0,0.0,1.1007001522070015,0.883904109589041,1.324566210045662,0.9909027328534757,0.9907079647595578,0.991096544386556
1.0,sunsched,alpha,0.1,45,0.29212554389063583,0.24797842989808946,0.3404243908822176,0.9294497999407147,0.9182803463355853,0.9414986810926121,0.009695142634453806,0.004217109679904184,0.016650040514093967,3.476388888888884,2.460064814814811,4.681490740740735,15.28692324252841,14.971777628278486,15.568212680813744,0.0,0.0,0.0,1.1011263318112632,0.8850228310502283,1.3315388127853878,0.9909027292012274,0.9907094658752553,0.9910884544549438
1.0,sunsched,alpha,0.2,45,0.29227128154235466,0.24806118969029967,0.34031520228971895,0.9294210789295393,0.9182851350224743,0.94167296013798,0.009722356650821199,0.0040586969897416884,0.016617362933342785,3.27268518518518,2.368652777777772,4.345703703703697,15.286933716195385,14.989048406635645,15.579795041244372,0.0,0.0,0.0,1.1013698630136983,0.8883318112633181,1.3408919330289193,0.9909028244607309,0.990709802620094,0.9910946840720857
1.0,sunsched,reserve_margin,0.0,45,0.2923934014818836,0.24887780656393813,0.3424793862564525,0.9295447024606426,0.9181235460061626,0.9416900257267027,0.00963543757743548,0.003977630761686307,0.016450037359134088,4.321759259259251,2.7099236111111025,6.623046296296291,15.286906085505299,15.00151937104202,15.560079138259855,0.0,0.0,0.0,1.1007001522070015,0.893455098934551,1.3254870624048707,0.9909027328534756,0.9907064429813999,0.9910941982884104
1.0,sunsched,reserve_margin,0.03,45,0.2923934014818836,0.24810867088996424,0.3406981167481884,0.9295447024606427,0.918527733836928,0.9408095355818488,0.009635437577435478,0.00425855314506462,0.01627797526634709,4.321759259259251,2.7122129629629588,6.60497685185184,15.286906085505299,14.994925414149204,15.55794582691148,0.0,0.0,0.0,1.1007001522070015,0.8916286149162861,1.332736681887367,0.9909027328534757,0.9907173566934143,0.9910938399441602
1.0,sunsched,reserve_margin,0.1,45,0.2923934014818836,0.24847974226704836,0.34062615605980845,0.9295447024606426,0.9185411051956115,0.9416780461925307,0.009635437577435478,0.004048169334773335,0.016373695072901515,4.321759259259251,2.7169699074074054,6.573354166666658,15.286906085505299,14.990439848795887,15.573725349374378,0.0,0.0,0.0,1.1007001522070015,0.8887549467275494,1.3338797564687974,0.9909027328534756,0.9907151608984982,0.9910968491071195
1.0,sunsched,reserve_margin,0.2,45,0.2923934014818836,0.24823200344934265,0.34085951177933055,0.9295447024606426,0.9184935062802064,0.9415194854699168,0.009635437577435478,0.004172386123077289,0.016593900126156722,4.321759259259251,2.678365740740737,6.592222222222183,15.286906085505299,14.994029150016328,15.5575784728629,0.0,0.0,0.0,1.1007001522070012,0.8922891933028919,1.3288980213089803,0.9909027328534756,0.9907148077080301,0.9911014833095686
2.0,ceiling_now,ceiling_margin,0.05,45,0.3469708284686636,0.2927838145175519,0.40562176221091056,0.9555980757489532,0.9426003666699255,0.9676759944471086,0.0,0.0,0.0,0.0,0.0,0.0,14.576706859168231,14.290431913628117,14.852722432615796,0.0,0.0,0.0,1.9519025875190263,1.5664216133942164,2.372217656012176,0.9942796350406111,0.9940740205168518,0.9944788043367385
2.0,ceiling_now,ceiling_margin,0.1,45,0.3469708284686636,0.2938945326063626,0.40554633824636754,0.9555980757489533,0.9430359982324787,0.9672862723391125,0.0,0.0,0.0,0.0,0.0,0.0,14.576706859168235,14.290946910628314,14.865046669229251,0.0,0.0,0.0,1.9519025875190263,1.5227945205479452,2.373426179604262,0.9942796350406115,0.9940866849603005,0.9944857125636227
2.0,ceiling_now,ceiling_margin,0.2,45,0.3469708284686636,0.29338787089607493,0.4054656667545198,0.9555980757489532,0.9435753969980121,0.9674081209329308,0.0,0.0,0.0,0.0,0.0,0.0,14.576706859168235,14.283252945591247,14.85918914852319,0.0,0.0,0.0,1.9519025875190266,1.5280715372907157,2.3541004566210053,0.9942796350406111,0.9940824504209075,0.9944921595873417
2.0,ceiling_now,ceiling_margin,0.4,45,0.34727186100031965,0.29264184914165825,0.4052463190255537,0.9556421429996722,0.9435365345051003,0.9678370923162645,0.0,0.0,0.0,0.0,0.0,0.0,12.918486650930928,12.66738061008647,13.168887361581616,0.0,0.0,0.0,1.951902587519026,1.5279589041095891,2.3427260273972608,0.9911204301825969,0.9909106921389832,0.9913366470052499
2.0,ee_now,ee_theta_hi,0.5,45,0.3468330402777565,0.292313467641963,0.4062716084896672,0.9555121119785519,0.9430443333284251,0.9670999958234765,0.0,0.0,0.0,0.0,0.0,0.0,7.711782058157018,7.571180770150521,7.848396851939336,0.9020110350076105,0.8976294393708776,0.9064158527820059,1.9519025875190263,1.5379360730593603,2.3756377473363774,0.9925670430367333,0.9924223770794187,0.9927121698324337
2.0,ee_now,ee_theta_hi,0.7,45,0.3468330402777565,0.2931416967049033,0.406249837876442,0.9555321319985719,0.9434633905138026,0.9672197283945758,0.0,0.0,0.0,0.0,0.0,0.0,7.711782757463144,7.573921239175234,7.85308407682923,0.9020101894131574,0.8976992114831728,0.9066453788263148,1.9519025875190263,1.5744855403348557,2.377245053272451,0.9925670408710974,0.9924203362505627,0.9927070218496044
2.0,ee_now,ee_theta_hi,0.9,45,0.3468330402777565,0.29239282006718215,0.40270524702574,0.9555321319985721,0.9432485819189657,0.9668057768938537,0.0,0.0,0.0,0.0,0.0,0.0,7.711782757463146,7.570326618327559,7.857741725665111,0.9020101894131574,0.8975205109504482,0.9065585627008286,1.951902587519026,1.537220700152207,2.3579558599695583,0.9925670408710974,0.9924235863290181,0.9927115359217421
2.0,ee_now,ee_theta_hi,0.99,45,0.3468330402777566,0.29141338553784324,0.40467289845560483,0.9555321319985719,0.9430529356120144,0.9672471762862191,0.0,0.0,0.0,0.0,0.0,0.0,7.711782757463144,7.574250936087919,7.847731494421884,0.9020101894131574,0.8974777238711314,0.9065928726957551,1.9519025875190263,1.545041095890411,2.3619269406392696,0.9925670408710974,0.9924202556782232,0.9927099085029943
2.0,lazy_defer,lazy_theta,0.5,45,0.34728981175492546,0.2932952173695054,0.405816479825037,0.9556503763412387,0.9441418329489989,0.9673978529197947,0.0,0.0,0.0,10.679629629629632,10.522222222222222,10.835185185185185,7.7043054380563225,7.559246071633408,7.843588035065603,0.9095116692034503,0.9042580490021984,0.9148214263064436,1.1923896499238966,0.9671111111111111,1.4206270928462705,0.9928867881392016,0.9928120229313455,0.9929556238782501
2.0,lazy_defer,lazy_theta,0.7,45,0.34728981175492557,0.2927248235110834,0.40576986435657036,0.9556703963612588,0.9435582109744426,0.9673978084252954,0.0,0.0,0.0,10.67962962962963,10.533333333333333,10.833333333333334,7.704306021880618,7.564593519774856,7.8420582360695725,0.9095104008117707,0.9041236153390835,0.9148469421190598,1.1923896499238964,0.9662876712328768,1.4149939117199393,0.9928867857608736,0.9928106744387752,0.992956693758321
2.0,lazy_defer,lazy_theta,0.9,45,0.3472898117549255,0.29320331800069527,0.4064763612722597,0.9556703963612588,0.9435105580556093,0.967522494385696,0.0,0.0,0.0,10.679629629629632,10.525879629629628,10.833333333333334,7.704306021880619,7.560130158216907,7.840702933852299,0.9095104008117707,0.9039754143412819,0.9148145135717911,1.1923896499238966,0.9800167427701676,1.4132465753424657,0.9928867857608735,0.9928127332830193,0.9929572276472869
2.0,lazy_defer,lazy_theta,0.99,45,0.34728981175492546,0.2931777897167871,0.4068685070598803,0.9556703963612588,0.9431122889265496,0.9674700575733888,0.0,0.0,0.0,10.679629629629632,10.535185185185185,10.835185185185185,7.704306021880619,7.560646892317935,7.849767023879696,0.9095104008117706,0.904290789362422,0.9148830859969561,1.1923896499238966,0.9682191780821919,1.4362587519025873,0.9928867857608735,0.9928131810399825,0.9929583540268317
2.0,sunsched,alpha,0.01,45,0.2952611542721467,0.25176417138087714,0.34677292677629523,0.9386704904428137,0.9272274928928007,0.950821921979089,0.0,0.0,0.0,3.1302777777777724,2.299532407407405,4.111314814814804,14.489117031522442,14.211124477352948,14.78315778889769,0.0,0.0,0.0,1.1440487062404872,0.9137138508371384,1.3820882800608825,0.9947368958650661,0.994641554490749,0.9948377923674797
2.0,sunsched,alpha,0.02,45,0.2952611542721467,0.25082283266478556,0.34481892288979643,0.9386704904428137,0.9270739744456322,0.9507225158451984,0.0,0.0,0.0,3.1302777777777715,2.3061736111111104,4.079439814814803,14.489117031522442,14.20637755981036,14.761748687059633,0.0,0.0,0.0,1.1440487062404872,0.9174398782343988,1.3898417047184166,0.994736895865066,0.9946447858163247,0.9948290778788408
2.0,sunsched,alpha,0.05,45,0.2952611542721467,0.25044476385912817,0.3447075845326012,0.9386704904428135,0.9267824679419203,0.9512203298323884,0.0,0.0,0.0,3.1302777777777715,2.329696759259259,4.167597222222213,14.489117031522442,14.208579647659576,14.76867157731674,0.0,0.0,0.0,1.1440487062404872,0.9164490106544901,1.3821004566210044,0.9947368958650661,0.9946421347424097,0.9948332190021864
2.0,sunsched,alpha,0.1,45,0.2952611542721467,0.2511798919691792,0.3465109249879914,0.9386704904428137,0.9277434624145585,0.9508195456393916,0.0,0.0,0.0,3.1302777777777715,2.3125578703703673,4.060050925925913,14.489117031522442,14.21334335414546,14.769841143683882,0.0,0.0,0.0,1.1440487062404872,0.9110091324200917,1.3843409436834089,0.994736895865066,0.9946422688976657,0.9948325747085858
2.0,sunsched,alpha,0.2,45,0.2952611542721467,0.25192223822155846,0.3454840032939471,0.9386704904428135,0.9272505079675576,0.9508445576586297,0.0,0.0,0.0,3.1302777777777715,2.294849537037034,4.105120370370361,14.489117031522442,14.21598590543642,14.775377690246478,0.0,0.0,0.0,1.1440487062404872,0.914082191780822,1.3862739726027398,0.9947368958650661,0.9946411066400471,0.9948353338504488
2.0,sunsched,reserve_margin,0.0,45,0.2952611542721467,0.2510375477682628,0.3452823752572111,0.9386704904428137,0.92690539256774,0.9510546865124795,0.0,0.0,0.0,3.1302777777777715,2.3150231481481467,4.087263888888876,14.489117031522442,14.2192116580877,14.761103777912052,0.0,0.0,0.0,1.1440487062404872,0.9281719939117199,1.3858767123287672,0.9947368958650661,0.9946398402681494,0.9948330233052111
2.0,sunsched,reserve_margin,0.03,45,0.2952611542721467,0.25304018511988274,0.34419731568950035,0.9386704904428135,0.9275377012634839,0.9508858911728304,0.0,0.0,0.0,3.1302777777777715,2.3076967592592568,4.100201388888878,14.489117031522442,14.193343652919362,14.769096556134288,0.0,0.0,0.0,1.1440487062404872,0.9092663622526636,1.3978082191780818,0.9947368958650661,0.9946409685420023,0.9948390135163698
2.0,sunsched,reserve_margin,0.1,45,0.2952611542721467,0.2504686943488953,0.3449744686957421,0.9386704904428137,0.9267856264786491,0.9509440716527467,0.0,0.0,0.0,3.1302777777777724,2.3270624999999967,4.169490740740732,14.489117031522442,14.195652181214403,14.782659975102465,0.0,0.0,0.0,1.1440487062404872,0.9164505327245054,1.3889847792998478,0.9947368958650661,0.9946393149248872,0.9948350467960383
2.0,sunsched,reserve_margin,0.2,45,0.2952611542721467,0.2518744091896082,0.3451089795298013,0.9386704904428137,0.9276903629146164,0.9510654760818488,0.0,0.0,0.0,3.1302777777777724,2.302761574074069,4.077893518518509,14.489117031522442,14.195878023017702,14.76371180958369,0.0,0.0,0.0,1.1440487062404872,0.922129375951294,1.3847305936073058,0.9947368958650661,0.9946401444909535,0.9948324860071865
