op,conf_lo,conf_hi,triage_said_empty,expected_gain,calib_frames
lite,0.0,0.0894,0,0.0,168
lite,0.0,0.0894,1,0.0,5
lite,0.0894,0.0926,0,0.0,169
lite,0.0894,0.0926,1,0.0,3
lite,0.0926,0.0952,0,0.0,166
lite,0.0926,0.0952,1,0.0,7
lite,0.0952,0.0985,0,0.0,170
lite,0.0952,0.0985,1,0.0,2
lite,0.0985,0.1021,0,0.0,157
lite,0.0985,0.1021,1,0.0,15
lite,0.1021,0.106,0,0.0,162
lite,0.1021,0.106,1,0.0,11
lite,0.106,0.1105,0,0.0,159
lite,0.106,0.1105,1,0.0,13
lite,0.1105,0.1161,0,0.0,165
lite,0.1105,0.1161,1,0.0,8
lite,0.1161,0.1237,0,0.0,153
lite,0.1161,0.1237,1,0.0,19
lite,0.1237,1.0,0,0.0,143
lite,0.1237,1.0,1,0.0,30
full,0.0,0.0894,0,0.0,168
full,0.0,0.0894,1,0.00376,5
full,0.0894,0.0926,0,0.02695,169
full,0.0894,0.0926,1,0.00408,3
full,0.0926,0.0952,0,0.00696,166
full,0.0926,0.0952,1,0.04052,7
full,0.0952,0.0985,0,0.0,170
full,0.0952,0.0985,1,0.00427,2
full,0.0985,0.1021,0,0.0,157
full,0.0985,0.1021,1,0.03125,15
full,0.1021,0.106,0,0.0,162
full,0.1021,0.106,1,0.00303,11
full,0.106,0.1105,0,0.01226,159
full,0.106,0.1105,1,0.0,13
full,0.1105,0.1161,0,0.0,165
full,0.1105,0.1161,1,0.03907,8
full,0.1161,0.1237,0,0.01384,153
full,0.1161,0.1237,1,0.02548,19
full,0.1237,1.0,0,0.09628,143
full,0.1237,1.0,1,0.01388,30
