tag_param,tag_level,policy,n,value_score,value_score_lo,value_score_hi,animal_recall,animal_recall_lo,animal_recall_hi,dropped_frac,dropped_frac_lo,dropped_frac_hi,latency_p95_h,latency_p95_h_lo,latency_p95_h_hi,battery_years_to_eol,battery_years_to_eol_lo,battery_years_to_eol_hi,frac_time_soc_above_90,frac_time_soc_above_90_lo,frac_time_soc_above_90_hi,b_wakes_per_day,b_wakes_per_day_lo,b_wakes_per_day_hi,calendar_share,calendar_share_lo,calendar_share_hi
aging.k_T,high,always_now,45,0.20571329299404692,0.17611532122006623,0.23617427978682184,0.5962247629684883,0.5565948969663734,0.6320501011510304,0.375967606525809,0.3326278161327753,0.4217303593056767,0.0,0.0,0.0,14.800171154874684,14.364439982737071,15.20965011597,0.0,0.0,0.0,1.087123287671233,0.9191400304414004,1.2531765601217657,0.9958299588627404,0.9944352282972001,0.997105264021174
aging.k_T,high,ceiling_now,45,0.17646107537207203,0.15345907869444173,0.20254074194868063,0.5376576089806241,0.5003807210196164,0.5754333842033671,0.4111557453598285,0.36289160796607023,0.4586768058784583,0.0,0.0,0.0,15.251745576303112,14.806317908841292,15.68911676184771,0.0,0.0,0.0,0.8639269406392694,0.7438280060882803,0.9844353120243531,0.9963483239568525,0.9950831457171389,0.9975664154419117
aging.k_T,high,ee_now,45,0.15442170401155494,0.13814295428860976,0.17142501556380824,0.611473574564275,0.5888192125677376,0.6352214989880864,0.3145403781755339,0.2782660444779065,0.3523198298658665,0.0,0.0,0.0,14.533573357859053,14.116722753610933,14.94592867981811,0.0,0.0,0.0,0.6124200913242009,0.5106164383561643,0.7157488584474885,0.9956361932912736,0.9941809992419511,0.9970713950841904
aging.k_T,high,lazy_defer,45,0.18495879116972835,0.15883182449318656,0.212011616538968,0.660849429004222,0.6401165477973979,0.68172619705001,0.2725763062390103,0.2432069730250002,0.30377341239412053,48.0,48.0,48.0,13.99068250217469,13.564635473063271,14.391464839637965,0.0,0.0,0.0,0.13595129375951295,0.11019330289193302,0.16371689497716896,0.9954967585652009,0.993931127851047,0.9969601696874838
aging.k_T,high,sunsched,45,0.17541018780518158,0.15541779635368144,0.19638137724193278,0.5847452456707145,0.5512148818701393,0.6188919094502172,0.3813849873320172,0.3388728613764284,0.4215665950396014,1.1040740740740724,0.8814814814814818,1.4040833333333276,15.058083057655136,14.609694028668452,15.50410043138799,0.0,0.0,0.0,0.6275799086757992,0.5338112633181127,0.722744292237443,0.9965495533275722,0.9954509190213411,0.9976536733734239
aging.k_T,low,always_now,45,0.2057132929940469,0.17621704813851022,0.23665463035269013,0.5962247629684883,0.557070386563297,0.6326405835823887,0.375967606525809,0.33245090853220327,0.4214466807469683,0.0,0.0,0.0,18.171376525508162,17.948778404447236,18.395680886432928,0.0,0.0,0.0,1.087123287671233,0.9189634703196349,1.2517047184170467,0.9967337184984892,0.9958451876025733,0.997522832122959
aging.k_T,low,ceiling_now,45,0.17646107537207203,0.15298472716499298,0.2012679811274583,0.5376576089806242,0.49995359993609906,0.5728158078880741,0.4111557453598285,0.3653157755540125,0.4582939145196324,0.0,0.0,0.0,18.742056571327755,18.528291970058685,18.956944516374662,0.0,0.0,0.0,0.8639269406392693,0.7425859969558601,0.9881902587519028,0.9971715258590933,0.996393700049834,0.9978612090534754
aging.k_T,low,ee_now,45,0.15442170401155494,0.13758820973851993,0.17091047141807916,0.611473574564275,0.5885846141236336,0.6342419397895929,0.3145403781755339,0.2783698050452248,0.350045620563565,0.0,0.0,0.0,17.893262993384422,17.68557498131003,18.092291198967462,0.0,0.0,0.0,0.6124200913242009,0.5123683409436836,0.7149482496194826,0.996591273246116,0.9956905913234431,0.9974245236445063
aging.k_T,low,lazy_defer,45,0.18495879116972835,0.1590000146436055,0.21176444337804595,0.660849429004222,0.6405046869010724,0.6812279433180742,0.2725763062390103,0.24148768417903274,0.30399506386507247,48.0,48.0,48.0,17.281909566958465,17.077170999639936,17.47944713145315,0.0,0.0,0.0,0.13595129375951295,0.11037595129375954,0.16359360730593606,0.9964619893386679,0.9954766489452734,0.9973927040517716
aging.k_T,low,sunsched,45,0.17541018780518158,0.15480804813797946,0.1963254859126395,0.5847452456707145,0.5507018272074928,0.6186392075091909,0.3813849873320172,0.33967438718061094,0.4217427119185642,1.1040740740740722,0.8777777777777778,1.3948148148148078,18.493012584153107,18.288051829874654,18.691779902359915,0.0,0.0,0.0,0.6275799086757992,0.5306529680365296,0.722558599695586,0.9973089053917691,0.996635745488317,0.9979467525872481
aging.k_sigma,high,always_now,45,0.2057132929940469,0.17714985004381656,0.23772001290660738,0.5962247629684883,0.5576495387213156,0.6349072069368774,0.375967606525809,0.3318157174787838,0.42110115936649795,0.0,0.0,0.0,20.015134565010207,19.560902646088316,20.475431668966316,0.0,0.0,0.0,1.087123287671233,0.921992389649924,1.2542557077625573,0.9962218282097628,0.9951011945104891,0.9973032590302804
aging.k_sigma,high,ceiling_now,45,0.17646107537207206,0.15320497310207518,0.2027785613338574,0.5376576089806242,0.5004240172227862,0.5761893175625006,0.41115574535982863,0.3623026268573196,0.45787173108554,0.0,0.0,0.0,20.98022009453719,20.513144856361865,21.45123005644044,0.0,0.0,0.0,0.8639269406392694,0.7416499238964994,0.9831993911719938,0.9968476631979426,0.9959075292374653,0.9977522604865543
aging.k_sigma,high,ee_now,45,0.15442170401155494,0.138153451433467,0.1716671627846198,0.611473574564275,0.588407970689078,0.6344720782051004,0.31454037817553393,0.2786120484411799,0.3519946560404793,0.0,0.0,0.0,19.53971233944465,19.094997927058785,19.96315591184505,0.0,0.0,0.0,0.6124200913242009,0.5080045662100456,0.7155022831050227,0.9960415323427265,0.994847578096356,0.9972515488434608
aging.k_sigma,high,lazy_defer,45,0.1849587911697284,0.159446935347824,0.2118539742087642,0.660849429004222,0.6410064701315414,0.6808793596341132,0.2725763062390103,0.24284256118354167,0.3040071667655896,48.0,48.0,48.0,18.50482882696443,18.091671273078386,18.90411820338114,0.0,0.0,0.0,0.13595129375951295,0.10964535768645356,0.16115829528158296,0.9958720633983306,0.9946150663306961,0.9971151025291959
aging.k_sigma,high,sunsched,45,0.17541018780518158,0.1559757791827629,0.19551594677547104,0.5847452456707145,0.5518208193238334,0.6202239507784288,0.3813849873320172,0.3401344177191171,0.4203892149957317,1.1040740740740724,0.8795833333333335,1.408194444444439,20.558195382260923,20.120878210178173,21.01038686585627,0.0,0.0,0.0,0.6275799086757992,0.5299802130898021,0.7245053272450532,0.9970251921532695,0.9961782730879822,0.9978453887828297
aging.k_sigma,low,always_now,45,0.2057132929940469,0.1761769014714341,0.2377007384522008,0.5962247629684883,0.5555761340528027,0.6350781183624424,0.375967606525809,0.33135109283591874,0.4218088162663727,0.0,0.0,0.0,15.138419295447347,14.847516069830808,15.424197436818691,0.0,0.0,0.0,1.087123287671233,0.9141430745814308,1.253945205479452,0.9961303641145499,0.9949180097394918,0.997311737704232
aging.k_sigma,low,ceiling_now,45,0.17646107537207203,0.1531958108045757,0.2010211136868727,0.5376576089806241,0.49974285704951127,0.5727410448445022,0.4111557453598286,0.36485940461201316,0.4595851115991419,0.0,0.0,0.0,15.366058611976733,15.081872115020202,15.650749683446236,0.0,0.0,0.0,0.8639269406392693,0.740634703196347,0.9856666666666666,0.9965291070633235,0.9954018212387055,0.9975316832201419
aging.k_sigma,low,ee_now,45,0.15442170401155494,0.13711641624236565,0.17082744905687158,0.6114735745642749,0.5880142620343395,0.6349700301389055,0.3145403781755339,0.2788817482891601,0.35210031629772814,0.0,0.0,0.0,15.003224452800778,14.722665934452193,15.282661426329907,0.0,0.0,0.0,0.6124200913242009,0.5102998477929985,0.7163470319634703,0.9959597359707854,0.9946794839012,0.9971113383413814
aging.k_sigma,low,lazy_defer,45,0.18495879116972835,0.15740151740587174,0.21159612319960616,0.660849429004222,0.6402069445636673,0.6810233413017198,0.2725763062390103,0.2422909056770662,0.3026787760578301,48.0,48.0,48.0,14.729599616138323,14.447399878124877,14.999106806475115,0.0,0.0,0.0,0.13595129375951295,0.11000761035007614,0.1631689497716895,0.9958420230356443,0.9945416770333874,0.9970795013170596
aging.k_sigma,low,sunsched,45,0.17541018780518158,0.155375021704009,0.1961238218503838,0.5847452456707145,0.550961579311307,0.619710413308906,0.3813849873320172,0.33915143626703964,0.42201788852542615,1.1040740740740724,0.8759259259259262,1.4155925925925885,15.270331212723733,14.97648819923617,15.561931458320394,0.0,0.0,0.0,0.6275799086757992,0.5305920852359209,0.7249984779299848,0.9967026042165013,0.9957303509046563,0.9976638583270611
aging.k_t,high,always_now,45,0.2057132929940469,0.1766705469511763,0.2378747811310959,0.5962247629684883,0.5575077752930596,0.6335857562142735,0.375967606525809,0.33282376538960856,0.42086585989155084,0.0,0.0,0.0,11.72632774474432,11.4811516144076,11.964500111294669,0.0,0.0,0.0,1.087123287671233,0.9153105022831048,1.2519695585996953,0.9974362070280648,0.9966494781721964,0.9981738343525243
aging.k_t,high,ceiling_now,45,0.17646107537207203,0.1530620132098101,0.20217748977935202,0.5376576089806242,0.5015277908556744,0.5747305158343384,0.4111557453598286,0.3641231793822657,0.4567805292313365,0.0,0.0,0.0,12.089169815159464,11.835743998945782,12.332561426820053,0.0,0.0,0.0,0.8639269406392694,0.7389726027397262,0.9858234398782343,0.9977748952003349,0.9970756014515002,0.9984288726371664
aging.k_t,high,ee_now,45,0.15442170401155494,0.13671718414647036,0.17157696849399787,0.611473574564275,0.5893038517767147,0.6340742205091764,0.3145403781755339,0.27787841266869384,0.351790455152815,0.0,0.0,0.0,11.528917251492071,11.295806108695416,11.758738088082733,0.0,0.0,0.0,0.6124200913242009,0.5106210045662102,0.7164155251141553,0.9973182366708119,0.9964998322713536,0.9980887324571167
aging.k_t,high,lazy_defer,45,0.18495879116972835,0.1587016708982833,0.21207360096358294,0.660849429004222,0.6403705670167837,0.6812934583708606,0.2725763062390103,0.24048225566006734,0.3033060815571712,48.0,48.0,48.0,11.11403165470813,10.868105986415179,11.336042651733184,0.0,0.0,0.0,0.13595129375951295,0.11037747336377472,0.16243987823439876,0.9972227302871174,0.9963699810058352,0.9980305842720248
aging.k_t,high,sunsched,45,0.17541018780518158,0.1558868544727278,0.19567103690717474,0.5847452456707145,0.5510754405823269,0.6192741375551574,0.3813849873320172,0.33939100083968105,0.4219415691725777,1.1040740740740724,0.877777777777778,1.3944537037036986,11.930762374539906,11.688132482635302,12.171478532250921,0.0,0.0,0.0,0.6275799086757992,0.5320243531202437,0.7226255707762556,0.9978934372933644,0.9972834730721314,0.9985048378815397
aging.k_t,low,always_now,45,0.2057132929940469,0.17626958825381148,0.23625455068133952,0.5962247629684883,0.5573062806887888,0.631984075297106,0.375967606525809,0.3323961926854503,0.4217023740485033,0.0,0.0,0.0,34.99774656651268,34.25455607449644,35.67536661086327,0.0,0.0,0.0,1.087123287671233,0.920829528158295,1.254503805175038,0.9923854267837499,0.9900664470971909,0.9944621671130877
aging.k_t,low,ceiling_now,45,0.17646107537207203,0.15299375476437357,0.20233921836686342,0.5376576089806242,0.5005821366876786,0.5749376157622821,0.4111557453598286,0.36151536506494925,0.45969406782772887,0.0,0.0,0.0,36.105055706934834,35.34845677101758,36.814792961695716,0.0,0.0,0.0,0.8639269406392693,0.7396012176560123,0.9898964992389648,0.9933843418937971,0.991283650918304,0.9953299522703962
aging.k_t,low,ee_now,45,0.15442170401155494,0.1376395160554795,0.1710349672850666,0.611473574564275,0.5878849438042452,0.6349078403839484,0.3145403781755339,0.27875586457785173,0.3512957767835246,0.0,0.0,0.0,34.401595814509676,33.685786598571795,35.0736951042932,0.0,0.0,0.0,0.6124200913242009,0.5062222222222221,0.7173515981735158,0.9920403906591985,0.9895745103218071,0.9945196220577697
aging.k_t,low,lazy_defer,45,0.18495879116972835,0.15928900530902806,0.21223015072705434,0.660849429004222,0.641364208994315,0.6812162848720762,0.2725763062390103,0.24155840969086306,0.30373075223141666,48.0,48.0,48.0,33.16156093010676,32.44102762639969,33.8685697502377,0.0,0.0,0.0,0.13595129375951295,0.10982648401826484,0.16243987823439873,0.991760776145236,0.9892097256126439,0.994306472874705
aging.k_t,low,sunsched,45,0.17541018780518158,0.15528226942518464,0.19616248892823399,0.5847452456707145,0.5505377274710616,0.6188945243925973,0.3813849873320172,0.3404533709305951,0.42166963411686614,1.1040740740740724,0.8814814814814818,1.3948796296296246,35.64136503897462,34.920828056503005,36.37094425204933,0.0,0.0,0.0,0.6275799086757992,0.5303439878234398,0.725083713850837,0.9937330309559163,0.9918740987505371,0.9955037243685372
battery.capacity_wh,high,always_now,45,0.3474940794066018,0.29410315469127807,0.4066916599724211,0.9556503763412387,0.9432383829959944,0.9670826799040081,0.0,0.0,0.0,0.0,0.0,0.0,12.55954002240707,12.311171888435783,12.799590498848241,0.0,0.0,0.0,1.9519025875190263,1.5538249619482503,2.3796453576864534,0.9995541098514732,0.9995424331338915,0.9995649750161607
battery.capacity_wh,high,ceiling_now,45,0.3346683191946035,0.2830209943814965,0.39155350483024504,0.9525964529089355,0.9383427768703104,0.9653030906021469,0.0,0.0,0.0,0.0,0.0,0.0,13.073290911968044,12.800984155570532,13.347717786556807,0.0,0.0,0.0,1.9515981735159822,1.541476407914764,2.3646027397260276,0.9994675552299453,0.9994498695835599,0.9994851609948283
battery.capacity_wh,high,ee_now,45,0.22755787969720198,0.19096383085309104,0.2681757276660529,0.9102594049471986,0.8902555562118671,0.929117890469216,0.0,0.0,0.0,0.0,0.0,0.0,12.540681493943241,12.295333118234163,12.783891349655917,0.0,0.0,0.0,1.5536681887366819,1.2705525114155252,1.8399543378995429,0.9995723042743001,0.9995651761248892,0.9995791670097096
battery.capacity_wh,high,lazy_defer,45,0.28328197222627594,0.2513151342620535,0.3196250989340601,0.9167085572391332,0.8991063235334172,0.9341532838079354,0.0,0.0,0.0,48.0,48.0,48.0,12.281339691082849,12.043447072628586,12.512083966665084,0.0,0.0,0.0,0.45777777777777773,0.3932359208523592,0.5231080669710806,0.9996118375336869,0.9996075804578298,0.9996161507648859
battery.capacity_wh,high,sunsched,45,0.2952611542721467,0.25425235904915816,0.34324997562444076,0.9386704904428135,0.9273758385784185,0.9502394890773993,0.0,0.0,0.0,3.1264814814814765,2.3025324074074054,4.09459722222221,12.878525821376392,12.623207809076153,13.136797528214146,0.0,0.0,0.0,1.1794216133942161,0.9464063926940641,1.4073911719939114,0.999504190571526,0.999495464066829,0.9995132970740281
battery.capacity_wh,low,always_now,45,0.11539647213661625,0.09830868520592374,0.13295166424978422,0.27711214085992625,0.25588057561890964,0.29811630677102835,0.7104107903733684,0.6938169390563839,0.7277337971563624,0.0,0.0,0.0,19.263650596116378,18.885616720225887,19.623953324015982,0.0,0.0,0.0,0.5350989345509894,0.44029375951293753,0.6290532724505327,0.9858275249604609,0.9852359587533224,0.9863622162919541
battery.capacity_wh,low,ceiling_now,45,0.08148435826338733,0.06699881259826292,0.09496385568968004,0.24396645882746795,0.22417099214846806,0.2627672887075622,0.7428853230522708,0.7260317873299801,0.7606194419587712,0.0,0.0,0.0,19.52820932754561,19.155886145316636,19.90995187458887,0.0,0.0,0.0,0.4085235920852358,0.3323531202435312,0.48415525114155245,0.9873242889274595,0.986765889079089,0.9878578865393759
battery.capacity_wh,low,ee_now,45,0.08113842474413666,0.0654563096092558,0.09722809705041222,0.3290369078762462,0.304535533211173,0.35442024424896684,0.648565003941659,0.6248484792067345,0.672048875027758,0.0,0.0,0.0,19.128813613187614,18.75152035323394,19.49087019736151,0.0,0.0,0.0,0.28133942161339415,0.22337747336377475,0.3390684931506848,0.9857775212388304,0.9852109685614538,0.9863182951120658
battery.capacity_wh,low,lazy_defer,45,0.10215691034885203,0.08458563259545657,0.12045638482110937,0.35697379262433093,0.33143226605559667,0.38437594912078415,0.6206176631596035,0.5965162845776263,0.6439039648440464,48.0,48.0,48.0,18.86787353013451,18.4985843766616,19.21799190596462,0.0,0.0,0.0,0.08535768645357689,0.0664840182648402,0.10672754946727547,0.9857531036750851,0.985185641953807,0.9862940206752813
battery.capacity_wh,low,sunsched,45,0.09044161697814099,0.07528748737640502,0.10564910949269934,0.2695809704814331,0.24873300282181518,0.28948316329755197,0.7210868186834039,0.7038420452688918,0.7394395216880415,0.48833333333333295,0.4168518518518517,0.5570462962962957,19.415930252657976,19.027772770051477,19.822399233473067,0.0,0.0,0.0,0.30362252663622535,0.24875494672754947,0.36135464231354636,0.9874561565286123,0.986934973670919,0.987974984155496
control.deadline_h,high,always_now,45,0.2057132929940469,0.17634682328338058,0.23781922804690653,0.5962247629684881,0.5589328999715403,0.6340646122843087,0.375967606525809,0.3306277607688347,0.4183341371629008,0.0,0.0,0.0,17.566665191382427,17.199488752486268,17.92779638072983,0.0,0.0,0.0,1.087123287671233,0.9203120243531205,1.2487975646879754,0.9961639972765661,0.9950461916020077,0.9972539812900618
control.deadline_h,high,ceiling_now,45,0.17646107537207203,0.15315453624190925,0.20094612114090044,0.5376576089806241,0.5022663691146508,0.5739514535594155,0.4111557453598285,0.3643676025871237,0.4550314178925029,0.0,0.0,0.0,18.11331020132119,17.729204677482045,18.49739229682293,0.0,0.0,0.0,0.8639269406392694,0.7481004566210046,0.9845388127853879,0.9966698592260603,0.9956771571739201,0.9976351562717695
control.deadline_h,high,ee_now,45,0.15442170401155494,0.13715229418274394,0.1717277218626569,0.611473574564275,0.5899424624158704,0.6359427049864091,0.3145403781755339,0.27624049848909993,0.3498572873886893,0.0,0.0,0.0,17.270044565960877,16.909152471051343,17.635380676216922,0.0,0.0,0.0,0.6124200913242009,0.5129954337899544,0.7143515981735158,0.9959881670320531,0.9947614018455275,0.9971751154060097
control.deadline_h,high,lazy_defer,45,0.1849587911697284,0.1598747237832234,0.21163873149956725,0.660849429004222,0.6402475928642928,0.6818744353924545,0.2725763062390103,0.24095153550245793,0.3031738633426163,96.0,96.0,96.0,16.64829219765793,16.295121273507938,16.992115652313135,0.0,0.0,0.0,0.13595129375951295,0.10988127853881276,0.16140182648401827,0.9958457831302407,0.9945968653628846,0.997067718819741
control.deadline_h,high,sunsched,45,0.1756147650244695,0.15731430735571186,0.19624641233918189,0.5851150863688432,0.5521076748828315,0.6192624785659393,0.38082235531685005,0.33890526692325557,0.41955313757022833,1.0788888888888843,0.87036111111111,1.3463425925925776,17.872390429686746,17.500644476399593,18.23737674820167,0.0,0.0,0.0,0.6200913242009132,0.5213835616438356,0.7133272450532723,0.9968529004570578,0.9959626669249342,0.9977296588797214
control.deadline_h,low,always_now,45,0.2057132929940469,0.17658658855659715,0.2371186676480407,0.5962247629684883,0.5570350617069926,0.6327567295593549,0.375967606525809,0.33342711258957275,0.4207985265205743,0.0,0.0,0.0,17.566665191382427,17.213640124532883,17.92701734384892,0.0,0.0,0.0,1.0871232876712331,0.9117412480974124,1.2480578386605787,0.9961639972765661,0.9949967016769591,0.9972707022814095
control.deadline_h,low,ceiling_now,45,0.17646107537207203,0.15337748583338648,0.20091679567383627,0.5376576089806241,0.5004004698694456,0.5727115182374881,0.4111557453598286,0.3647878163299766,0.45894216588074976,0.0,0.0,0.0,18.11331020132119,17.74217754707476,18.47584041896428,0.0,0.0,0.0,0.8639269406392693,0.7413683409436834,0.98648401826484,0.9966698592260603,0.9955986600696444,0.9976124580081102
control.deadline_h,low,ee_now,45,0.15442170401155494,0.13761142883433083,0.17095473512832784,0.6114735745642749,0.5880963850779112,0.6346337542410444,0.3145403781755339,0.27834534519024623,0.35141342623673116,0.0,0.0,0.0,17.270044565960877,16.908147819396394,17.622970529003396,0.0,0.0,0.0,0.6124200913242009,0.5101917808219179,0.7153196347031963,0.9959881670320531,0.9947654550706998,0.9971821189378502
control.deadline_h,low,lazy_defer,45,0.18380880990440715,0.15803943923911412,0.21011313184354544,0.6610728689323154,0.6403012675150729,0.6815157919186657,0.2722987302804124,0.2416251471264812,0.3032427524643702,12.0,12.0,12.0,16.638710457716943,16.28607764690029,16.98683677509814,0.0,0.0,0.0,0.13242009132420093,0.10617960426179608,0.15982343987823439,0.9958464463956483,0.9945884088315176,0.9970969190723017
control.deadline_h,low,sunsched,45,0.17366577042968753,0.15403221321894692,0.19367650746746704,0.5838697895035245,0.5496790430307011,0.6180636588294385,0.3823953884259016,0.34093264298664755,0.4231049073530483,1.1766666666666654,0.937893518518518,1.4944490740740728,17.886700424265896,17.499986496016707,18.242496663260063,0.0,0.0,0.0,0.6448706240487062,0.5475768645357687,0.7406605783866057,0.9968438904223554,0.9958743268949047,0.9977321982356054
control.min_ceiling,high,always_now,45,0.2057132929940469,0.17617872357804043,0.23659336323430644,0.5962247629684883,0.5575121515105801,0.6318749737051098,0.375967606525809,0.3329062783800987,0.4214746885886146,0.0,0.0,0.0,17.566665191382427,17.197789635069146,17.92518669124153,0.0,0.0,0.0,1.087123287671233,0.919611872146119,1.2517975646879753,0.9961639972765662,0.9949824297593163,0.9972330359613842
control.min_ceiling,high,ceiling_now,45,0.1700232496436057,0.15108956578248517,0.1915979025557565,0.5693783724387627,0.5382302721425698,0.6011183595649919,0.37112834269955824,0.32793848948956994,0.41175946651963574,0.0,0.0,0.0,17.849577543597093,17.48053795753374,18.208776966456004,0.0,0.0,0.0,0.818021308980213,0.6986910197869103,0.9338888888888889,0.9963236160778451,0.9952121244613403,0.9973715551628963
control.min_ceiling,high,ee_now,45,0.15442170401155494,0.13857860540474673,0.17158012535410924,0.611473574564275,0.5882308715980599,0.6340868765675731,0.3145403781755339,0.27926039120166457,0.3521987642547376,0.0,0.0,0.0,17.270044565960877,16.912262230323307,17.607273155125906,0.0,0.0,0.0,0.6124200913242009,0.5095175038051751,0.716654490106545,0.9959881670320531,0.9947290127672712,0.9971056790269994
control.min_ceiling,high,lazy_defer,45,0.18495879116972835,0.16002353613105322,0.21113789707232014,0.6608494290042219,0.6411352832934443,0.6808967091536954,0.2725763062390103,0.24128058656891918,0.30323825000862076,48.0,48.0,48.0,16.648292197657927,16.30022648723968,16.98194107269296,0.0,0.0,0.0,0.13595129375951295,0.11061187214611874,0.16201065449010657,0.9958457831302407,0.9945812674475707,0.9970163331913328
control.min_ceiling,high,sunsched,45,0.1849062305905051,0.16487289197335014,0.20633344716585275,0.6108627805283433,0.5802841824302777,0.6434131311880809,0.3527129141298408,0.31229975806743826,0.3908543171004236,1.4281481481481422,1.0007407407407394,1.933351851851834,17.587684030085907,17.220166163619908,17.946601973560952,0.0,0.0,0.0,0.6373211567732117,0.5399649923896499,0.7377792998477929,0.9964888944370253,0.9954641080457342,0.9974880897906316
control.min_ceiling,low,always_now,45,0.2057132929940469,0.17623994571317517,0.2376423742538336,0.5962247629684883,0.5561228278531046,0.6349363755356368,0.375967606525809,0.33080246047955697,0.421812991335307,0.0,0.0,0.0,17.566665191382427,17.19388630866883,17.927733651086335,0.0,0.0,0.0,1.087123287671233,0.9157732115677323,1.2528599695585998,0.9961639972765661,0.9949887753262819,0.9973148856279422
control.min_ceiling,low,ceiling_now,45,0.17683087256906266,0.15079293824981063,0.20564072723749507,0.5113606263994803,0.47225812550780655,0.5503181249225952,0.45565925573692806,0.4086901645504696,0.5015275634928584,0.0,0.0,0.0,18.228581385022324,17.85982042183929,18.594493845842845,0.0,0.0,0.0,0.8973515981735158,0.7702267884322678,1.0231491628614917,0.9969130235480347,0.9959429628931721,0.9978163512858818
control.min_ceiling,low,ee_now,45,0.15442170401155494,0.13755362922414685,0.17124195314174545,0.6114735745642749,0.5883926173895739,0.6348433820522403,0.31454037817553393,0.2786133296834013,0.35181691635101514,0.0,0.0,0.0,17.270044565960877,16.91956313390458,17.620233733160852,0.0,0.0,0.0,0.6124200913242009,0.506910197869102,0.7157503805175036,0.9959881670320531,0.9947399676050334,0.9971592039090204
control.min_ceiling,low,lazy_defer,45,0.18495879116972835,0.158848639389351,0.2113424643377905,0.660849429004222,0.6401642654570053,0.6814172313480334,0.27257630623901025,0.24175906229504132,0.3036681248440821,48.0,48.0,48.0,16.648292197657927,16.30138947685354,16.988744388995798,0.0,0.0,0.0,0.13595129375951295,0.10958599695585998,0.16286149162861494,0.9958457831302407,0.994543260639038,0.9970847572958438
control.min_ceiling,low,sunsched,45,0.1682812595954397,0.149048206509512,0.18650291128469657,0.5623045237624871,0.5240314061915354,0.5993278177710661,0.4051345826513621,0.3603759737211322,0.4486788237318798,1.010740740740736,0.7444884259259242,1.367819444444434,18.004937519679967,17.64535195636174,18.342957210573466,0.0,0.0,0.0,0.6001217656012177,0.513724505327245,0.6891354642313546,0.9971358110303997,0.9963281616278699,0.9979444616243567
node.e_capture_night_j,high,always_now,45,0.20191771553063767,0.1720769936384111,0.23257828300552177,0.5758993530500018,0.5345654691569384,0.613808868377533,0.39748502267601143,0.35271616327058164,0.444330360079756,0.0,0.0,0.0,17.712731142083435,17.34847768233775,18.08660522107521,0.0,0.0,0.0,1.0387214611872146,0.8820228310502286,1.1929908675799086,0.9954036509468515,0.9941064071963378,0.9965872189983007
node.e_capture_night_j,high,ceiling_now,45,0.16594080421134014,0.14474498961227278,0.19053276305848382,0.5073445564917856,0.47276284860782614,0.5435721012063905,0.4446013221509944,0.3997807246323103,0.4853844358301398,0.0,0.0,0.0,18.256942735583074,17.892612749543765,18.622314414998534,0.0,0.0,0.0,0.8240487062404872,0.7055449010654491,0.9394931506849313,0.9961477237500774,0.9950268008011963,0.9973127692674352
node.e_capture_night_j,high,ee_now,45,0.14881746638229204,0.1318382164840996,0.16583748921378047,0.5933595407109032,0.5675313560216968,0.6169622863149326,0.3380840373069073,0.3006652692546155,0.37726431308616737,0.0,0.0,0.0,17.445404063391578,17.082040235152377,17.791590696430937,0.0,0.0,0.0,0.5760730593607305,0.48072602739726034,0.6756788432267885,0.9952294042476737,0.9938972353772645,0.9964607209662195
node.e_capture_night_j,high,lazy_defer,45,0.17799089435788404,0.15313020662330887,0.2034135371105576,0.6411441185085133,0.6201932479786951,0.6624625329999354,0.295612534192869,0.26423716239117756,0.3259503217254876,48.0,48.0,48.0,16.90131152715253,16.53226586302107,17.25999875027658,0.0,0.0,0.0,0.12986301369863013,0.10458295281582954,0.1567138508371385,0.9950731812548264,0.9936647619848555,0.9964181930801099
node.e_capture_night_j,high,sunsched,45,0.17031637214154485,0.1512237689293242,0.1907030802908685,0.5607141702241049,0.524347263113757,0.6000344803138291,0.40676291026127565,0.3601367943106443,0.44990752413019136,1.1514814814814758,0.8988611111111097,1.4729999999999956,18.042486144902544,17.675229422417353,18.3894451230542,0.0,0.0,0.0,0.5853881278538814,0.4915616438356165,0.6757990867579908,0.9962906881391667,0.9952235095725396,0.9973889864010574
node.e_capture_night_j,low,always_now,45,0.20729323629406468,0.17816761006611986,0.23948469932968325,0.6039703990428748,0.5649381478468193,0.6421188588987472,0.3670827076783632,0.32285017067077393,0.4132575665305237,0.0,0.0,0.0,17.494825294981002,17.119248771533574,17.858880335654057,0.0,0.0,0.0,1.106666666666667,0.928945205479452,1.27755403348554,0.9965287089062315,0.9954066355075378,0.9975830822226287
node.e_capture_night_j,low,ceiling_now,45,0.1808801343455157,0.15783696307361791,0.20589848812433317,0.5546241739287251,0.5183210103336928,0.5883983682255816,0.3948477350828014,0.3508483904087179,0.4416270566561323,0.0,0.0,0.0,18.04370793400947,17.674011720759324,18.406011220686146,0.0,0.0,0.0,0.8847488584474886,0.7581704718417048,1.0090243531202436,0.9969380619483739,0.9959698566002313,0.9977848821566145
node.e_capture_night_j,low,ee_now,45,0.1576189105864382,0.1404978529154631,0.17427446641489966,0.6181648450115643,0.5946786124246461,0.6413228459212641,0.3060279484767849,0.2701704954592844,0.34309584330492837,0.0,0.0,0.0,17.18306827946951,16.830141895953634,17.512436064271483,0.0,0.0,0.0,0.6294672754946727,0.521214611872146,0.7335479452054793,0.9963873150349244,0.9952571918947062,0.9974220949585266
node.e_capture_night_j,low,lazy_defer,45,0.1871835710921904,0.16196830749296087,0.21465272463586163,0.6683100817270385,0.6474645485338862,0.6891464077106079,0.26383288389268444,0.23350054274265078,0.2968181944440877,48.0,48.0,48.0,16.524595381576283,16.19330904135587,16.867338757105255,0.0,0.0,0.0,0.13917808219178082,0.11244901065449008,0.1667001522070015,0.996238717113685,0.9949965567465374,0.9974320982363257
node.e_capture_night_j,low,sunsched,45,0.17860789757431345,0.1589789331127521,0.19818489455348162,0.5929433849747499,0.56127970273402,0.6243587000814133,0.37156580374119635,0.33250307108498317,0.41083586051761845,1.111481481481476,0.8896296296296257,1.3981666666666517,17.79336061112772,17.439260730849284,18.146230502460394,0.0,0.0,0.0,0.6414003044140031,0.5459969558599697,0.740228310502283,0.9971210177365846,0.9963154182722416,0.9979239058641095
node.p_sleep_w,high,always_now,45,0.04511118747097909,0.03541073691337128,0.05499721808034851,0.10635414239398246,0.09612364877176882,0.115275797473137,0.888884808959795,0.8808674552044699,0.8983755069904884,0.0,0.0,0.0,20.21455137447946,19.838797743318896,20.57984126612248,0.0,0.0,0.0,0.2314764079147641,0.17503805175038056,0.29193911719939114,0.9796586620483538,0.9794016770089686,0.9799338360935843
node.p_sleep_w,high,ceiling_now,45,0.03743077930719044,0.029452954201583424,0.04577842784903811,0.09994135975594928,0.09038323264886661,0.10809594630264777,0.8946260538747356,0.8873002181340602,0.9034783570371472,0.0,0.0,0.0,20.307564807736032,19.941282685359667,20.664418388137296,0.0,0.0,0.0,0.2052968036529681,0.15828919330289193,0.2619223744292238,0.9805768865784749,0.980344855711833,0.9808022892717448
node.p_sleep_w,high,ee_now,45,0.031761571737462635,0.025099068788710523,0.03857249848186151,0.1052667387312716,0.09492203327385591,0.1141356169872887,0.8872589276539625,0.8790367383015156,0.8969777279207876,0.0,0.0,0.0,20.208106417931006,19.83208296797678,20.571352089036438,0.0,0.0,0.0,0.16578386605783865,0.11890410958904113,0.21814764079147644,0.9796502767721287,0.9794021275013162,0.9799113914345828
node.p_sleep_w,high,lazy_defer,45,0.03224049007746564,0.025185062480305324,0.039691351496948434,0.11055331567105318,0.10014064260553555,0.11936711469340677,0.884501860788431,0.8758507044151549,0.8945503890859197,41.916666666666664,37.21666666666667,45.86666666666667,20.177802239766898,19.791285775906868,20.534115309754725,0.0,0.0,0.0,0.04401826484018264,0.031111111111111114,0.058940639269406375,0.9796261023726438,0.9793546518959289,0.9798926765416639
node.p_sleep_w,high,sunsched,45,0.035590807720546354,0.028245675724426562,0.04353198957490857,0.10331422593271056,0.09381233658333643,0.1112206970025582,0.8928974764794261,0.8852666680182957,0.9016609821365978,0.05240740740740732,0.022222222222222223,0.08629629629629612,20.292317281066424,19.904640858667783,20.67136193608117,0.0,0.0,0.0,0.13388127853881276,0.10088127853881276,0.16998477929984782,0.9805813336648097,0.9803524011989166,0.98081216768934
node.p_sleep_w,low,always_now,45,0.329458590924487,0.28149796295747104,0.3796237024178404,0.9179581573071107,0.8985697886780062,0.9368327799874014,0.037960377222754034,0.021420232383268078,0.05653303844937569,0.0,0.0,0.0,13.647425491601455,13.278721219508824,14.005557909578634,0.0,0.0,0.0,1.7986605783866063,1.4632054794520548,2.1545753424657534,0.9993184420793143,0.9992322316373878,0.9993938664227757
node.p_sleep_w,low,ceiling_now,45,0.29477023587595597,0.25700068348002075,0.3352979544093229,0.9014917757675066,0.878019428964546,0.9263558035686512,0.04358389390777119,0.02494042291529819,0.06256253115854085,0.0,0.0,0.0,14.581900535261871,14.145117352083854,15.017371056685116,0.0,0.0,0.0,1.5121461187214613,1.2830334855403347,1.7403409436834092,0.9992781172015047,0.999243161224634,0.9993142805414995
node.p_sleep_w,low,ee_now,45,0.22348214164927005,0.19141260032910126,0.2596515532737898,0.8986947314741013,0.8794069512321996,0.9203287852485107,0.0,0.0,0.0,0.0,0.0,0.0,13.375221334248389,13.057029337096278,13.667583302915732,0.0,0.0,0.0,1.2363470319634702,1.053083713850837,1.4190273972602738,0.99945298546663,0.9993968306142256,0.9995015292497704
node.p_sleep_w,low,lazy_defer,45,0.2774934221856752,0.24534984275622115,0.3132337327244563,0.9098439718155019,0.8918158885397881,0.929164988871804,0.0,0.0,0.0,48.0,48.0,48.0,12.36316407521505,12.121435062393589,12.599882379998714,0.0,0.0,0.0,0.37345509893455103,0.3167716894977169,0.43634855403348555,0.999585899024061,0.9995426462651529,0.9996240675465216
node.p_sleep_w,low,sunsched,45,0.28367532102504717,0.24614419231091814,0.3260532316183661,0.9170695567518928,0.9028607276075535,0.9319391805831694,0.02132383253673795,0.00893409447200506,0.03657600216878905,3.1879629629629505,2.3885370370370307,4.130805555555545,13.911763251462784,13.56902148234158,14.25577116546557,0.0,0.0,0.0,1.1040487062404871,0.9081598173515981,1.3091126331811263,0.9993499631433216,0.9993170413314172,0.9993824137005844
node.tier_a_pj_per_mac,high,always_now,45,0.2057132929940469,0.1762269070034236,0.23749144460894234,0.5962247629684883,0.5562912656672451,0.6347165090722214,0.375967606525809,0.3306515018385581,0.4216427382409376,0.0,0.0,0.0,17.566665359249622,17.18652789362381,17.927881591907884,0.0,0.0,0.0,1.087123287671233,0.9145738203957382,1.2536377473363773,0.996163997290329,0.9949866011693658,0.9973166542434297
node.tier_a_pj_per_mac,high,ceiling_now,45,0.176401705303609,0.15441178144788684,0.2015739884262608,0.537497289734742,0.5027774518477317,0.5740529282538617,0.41127923420865325,0.36418596912290735,0.456645474753701,0.0,0.0,0.0,18.114021054880514,17.72068129571924,18.478063209795987,0.0,0.0,0.0,0.863744292237443,0.7390517503805176,0.984400304414003,0.9966698604575931,0.9956569160281349,0.9976422750373944
node.tier_a_pj_per_mac,high,ee_now,45,0.15441929216677747,0.13772978904265268,0.170429559449851,0.6114135145042149,0.588179819893605,0.6341795991503062,0.3146501437728712,0.279461984896828,0.35299321318365656,0.0,0.0,0.0,17.271122371364317,16.903802772821138,17.622425939399474,0.0,0.0,0.0,0.6121765601217656,0.5076697108066972,0.7145296803652967,0.995988301545351,0.9947366359726738,0.9971697888114861
node.tier_a_pj_per_mac,high,lazy_defer,45,0.1849576054786483,0.1598849988815501,0.21195325505208276,0.6608494290042219,0.6405256444132694,0.6808708696321245,0.2726365396751688,0.2405212685343859,0.30301269308495277,48.0,48.0,48.0,16.649977733451312,16.29622736099539,17.00503388408204,0.0,0.0,0.0,0.1358904109589041,0.10952511415525115,0.1627458143074581,0.9958466922511225,0.9945867173405548,0.9971337158673403
node.tier_a_pj_per_mac,high,sunsched,45,0.17538493352475798,0.15548290529945197,0.19573473428477728,0.584669134927937,0.5505501684966974,0.617458109794795,0.3814582133709851,0.3396530604876992,0.42186767763181093,1.1059259259259242,0.8796296296296299,1.3948703703703644,17.877950216150822,17.50145400707937,18.237928571674015,0.0,0.0,0.0,0.6273363774733639,0.5336362252663621,0.7239771689497715,0.9968466984561496,0.9959035435024239,0.9977414469406812
node.tier_a_pj_per_mac,low,always_now,45,0.2057132929940469,0.17565706715611917,0.2369274752019719,0.5962247629684883,0.5583115695018852,0.6332802745698695,0.375967606525809,0.3333402098016037,0.4189055725534007,0.0,0.0,0.0,17.56666515990712,17.193524037789476,17.935475717408167,0.0,0.0,0.0,1.087123287671233,0.9176027397260276,1.245829528158295,0.9961639972739857,0.9950587709602181,0.997256860022357
node.tier_a_pj_per_mac,low,ceiling_now,45,0.17647184584533016,0.15311705830916514,0.20199589269955892,0.5376796787604627,0.5019774343217549,0.5740713108525055,0.4111165933317247,0.36327571249452373,0.4557569945944054,0.0,0.0,0.0,18.113187044697046,17.734393235750186,18.468591441285998,0.0,0.0,0.0,0.8639878234398783,0.7369589041095892,0.9787853881278539,0.9966698544386334,0.9956729159505211,0.9976681810002582
node.tier_a_pj_per_mac,low,ee_now,45,0.15441700298508582,0.13893010826784083,0.170740443376812,0.611473574564275,0.5896402348173599,0.6353608376764034,0.31453329652409273,0.27818487094965044,0.3528789904289856,0.0,0.0,0.0,17.269826768387954,16.903278054627084,17.612310413076347,0.0,0.0,0.0,0.6124809741248097,0.504337899543379,0.7157427701674277,0.9959872304208581,0.9947484151494604,0.9972364769173314
node.tier_a_pj_per_mac,low,lazy_defer,45,0.18495879116972835,0.15848347957986206,0.2114348012523987,0.660849429004222,0.6397508659767908,0.6819074640201673,0.2725763062390103,0.24083128711020418,0.30333309879079273,48.0,48.0,48.0,16.64796266859196,16.302675142821617,16.982090619404644,0.0,0.0,0.0,0.13595129375951295,0.11013394216133943,0.16304718417047182,0.9958457354618777,0.9945890778294039,0.9970336697907329
node.tier_a_pj_per_mac,low,sunsched,45,0.17541636690589538,0.15516016211313902,0.19565763279181644,0.5847514587803759,0.5492720896172388,0.6196621989618779,0.38136968778281427,0.33719354828064724,0.4218945481908239,1.1040740740740724,0.8759259259259262,1.3881759259259212,17.877008302435737,17.528537437138347,18.24066050714856,0.0,0.0,0.0,0.627640791476408,0.5325403348554034,0.7273135464231353,0.9968467994766513,0.9958829396741277,0.9977549248710826
node.tier_b_active_w,high,always_now,45,0.2045049945525468,0.17471166427524557,0.23506915571491904,0.5891526776786375,0.5485427233578465,0.6257996424673926,0.3838952744286231,0.34062776668882233,0.42909736694953665,0.0,0.0,0.0,17.621210874765406,17.23704499629513,17.990448708779507,0.0,0.0,0.0,1.0680669710806698,0.9076301369863014,1.2269756468797566,0.9958363348651093,0.9946054316971431,0.9969441047235513
node.tier_b_active_w,high,ceiling_now,45,0.17231851244421217,0.14984297047721037,0.19678167378577952,0.528156023027795,0.49138353067719576,0.5631976900591191,0.4190961531999346,0.37284418405461456,0.46699821875633946,0.0,0.0,0.0,18.16116319387641,17.788912355962136,18.525198548014263,0.0,0.0,0.0,0.8487671232876715,0.729779299847793,0.9693835616438355,0.9964436350048569,0.9953227109161337,0.997446280939969
node.tier_b_active_w,high,ee_now,45,0.15493018637263842,0.13797066459116583,0.1714077631978976,0.612831804086764,0.589923451681519,0.6355773833517152,0.31302760325541795,0.27746376736321593,0.35026530046922455,0.0,0.0,0.0,17.267668795096288,16.91778883496364,17.60716448790155,0.0,0.0,0.0,0.6056621004566209,0.5050654490106545,0.7085068493150685,0.9956491009616342,0.9943341301782357,0.99681994596591
node.tier_b_active_w,high,lazy_defer,45,0.18603528165876476,0.1596342256472265,0.2136681289438461,0.6641041068495995,0.6439824954953587,0.6847203332240746,0.2687222485897512,0.23777358264539702,0.2990630517515274,48.0,48.0,48.0,16.61283662566983,16.25045611956904,16.968754120705903,0.0,0.0,0.0,0.13357686453576864,0.10831050228310501,0.1598812785388128,0.9954912540677363,0.9942249236302015,0.9967531608901274
node.tier_b_active_w,high,sunsched,45,0.17488283653520148,0.15528934932108654,0.19503290920310123,0.5836313095161303,0.5496618533137303,0.6179722372703833,0.3826854444831971,0.34093582060928673,0.4237929427611056,1.459074074074067,0.9885231481481468,2.015083333333319,17.89551653765956,17.51671198495521,18.265414901307523,0.0,0.0,0.0,0.6120547945205479,0.5173120243531203,0.7080350076103499,0.9966507405491284,0.9956439169032251,0.9976027045863937
node.tier_b_active_w,low,always_now,45,0.2063719453607441,0.176823739052079,0.23718407173264391,0.5999009180017705,0.560767921588846,0.6353596843741586,0.37182978596063726,0.3287966221840678,0.4167673418852188,0.0,0.0,0.0,17.538020117502334,17.191089863947937,17.895224546811615,0.0,0.0,0.0,1.0968036529680367,0.9292922374429227,1.2659223744292236,0.996321730835258,0.9951825485185355,0.9973381522529144
node.tier_b_active_w,low,ceiling_now,45,0.1778938938148702,0.15468470639561302,0.20374779124824108,0.5418386353149751,0.5042631148017358,0.5767690473842274,0.4071857804811119,0.36304892113512127,0.45344670596201964,0.0,0.0,0.0,18.088908476022475,17.729136208359044,18.446810081582566,0.0,0.0,0.0,0.8721461187214612,0.7510974124809742,0.9964764079147638,0.9967805802801659,0.9957390556801627,0.9976957571135631
node.tier_b_active_w,low,ee_now,45,0.15407787577497745,0.13710409712173025,0.17104554426289825,0.6103871865109775,0.5872165471085987,0.6346723023399367,0.31608502144373724,0.2774055749996623,0.3523733361115763,0.0,0.0,0.0,17.27044571433137,16.919472970397077,17.619154614797097,0.0,0.0,0.0,0.6161339421613395,0.5114155251141551,0.7195844748858448,0.9961529153763082,0.9949357380047189,0.9973032748904574
node.tier_b_active_w,low,lazy_defer,45,0.1844919583992786,0.15761090588511778,0.2113098357627268,0.6593969140416608,0.6393086563236331,0.6804352148158671,0.27442408370610705,0.2422873107852537,0.30445829334798796,48.0,48.0,48.0,16.66358119808515,16.307852091569707,16.992327157198446,0.0,0.0,0.0,0.13674277016742772,0.11031811263318114,0.16407914764079148,0.9960166538351689,0.9947750765054623,0.9972187936871636
node.tier_b_active_w,low,sunsched,45,0.17566398544012482,0.15617752477820437,0.19595603377636928,0.5852410083172979,0.5498074773063659,0.6204144532384904,0.3807534865014467,0.3366231149583569,0.4232230770853852,1.0118518518518451,0.8507407407407368,1.216296296296283,17.86639156644431,17.508266551308818,18.224454642818994,0.0,0.0,0.0,0.6331202435312027,0.5384337899543379,0.7324216133942162,0.996935403307118,0.9959734063351825,0.9978286754735982
node.tier_b_wake_j,high,always_now,45,0.18224572613978698,0.1570953795120035,0.20992897549970854,0.5147250175417675,0.475649467719054,0.5507221895420226,0.46745481101547476,0.42784665585970477,0.508314374309583,0.0,0.0,0.0,18.022521671384034,17.634718912187502,18.43217430292013,0.0,0.0,0.0,0.8928462709284628,0.774777777777778,1.0116316590563168,0.9920037375972341,0.9906453522513279,0.9934287079465371
node.tier_b_wake_j,high,ceiling_now,45,0.15431633777504497,0.13286253013315538,0.17830719842277262,0.47127665368952665,0.43450071272861784,0.5089124051688652,0.49276626413629554,0.4552148818310333,0.5281148098050304,0.0,0.0,0.0,18.527473080615746,18.131108235723858,18.93180415012641,0.0,0.0,0.0,0.713607305936073,0.6134474885844751,0.8060913242009133,0.9933064568184581,0.9920284664782019,0.9947082620582098
node.tier_b_wake_j,high,ee_now,45,0.16657181690631206,0.1450246349302104,0.19057738486758988,0.6499067191218537,0.6327890374724514,0.6680870435375982,0.2751807140803291,0.24680481907418292,0.30333536915970927,0.0,0.0,0.0,17.23063351170455,16.868293251264337,17.579647187726525,0.0,0.0,0.0,0.4848706240487063,0.41418112633181137,0.555380517503805,0.9918006474954846,0.9903973840285488,0.9932375737578328
node.tier_b_wake_j,high,lazy_defer,45,0.2163383251864865,0.17987301899169011,0.2576849888175301,0.7421630934688735,0.7121524942613779,0.7757224898021899,0.18253634866933552,0.14979576091718727,0.2152539948196424,48.0,48.0,48.0,15.903443248425782,15.485508956279208,16.34144991237444,0.0,0.0,0.0,0.13181126331811266,0.10751141552511419,0.15793302891933028,0.9917264095232454,0.9903062749850972,0.9931672038132269
node.tier_b_wake_j,high,sunsched,45,0.173021556320842,0.1534356010085493,0.19257575496665086,0.5826353525789324,0.549769582445999,0.6158581459493794,0.38341546126086434,0.34301749283435107,0.423039102523056,11.92666666666665,9.405819444444436,14.480775462962946,17.948902826059438,17.57204057290668,18.31076074821928,0.0,0.0,0.0,0.4457229832572297,0.370041095890411,0.5276225266362253,0.9938076410843713,0.9926650854114001,0.9949367486177034
node.tier_b_wake_j,low,always_now,45,0.21665952934261204,0.18536556535572288,0.24866379817311968,0.6348331993338484,0.6039324718523251,0.6654519650497972,0.3352304303058439,0.29735306762095176,0.3727739572868591,0.0,0.0,0.0,17.23907349400168,16.87896312093484,17.589540460344722,0.0,0.0,0.0,1.1977473363774733,0.9831461187214613,1.395876712328767,0.9987216870812852,0.9984682299130353,0.9989430312409425
node.tier_b_wake_j,low,ceiling_now,45,0.1929329047544486,0.1690294957232461,0.21969065348681302,0.5761508366789567,0.5452149487422597,0.6100988798253775,0.3760057470708586,0.3326217679945211,0.41612850129931733,0.0,0.0,0.0,17.811962179839405,17.44207535639277,18.187222675763525,0.0,0.0,0.0,1.0048097412480976,0.8476575342465754,1.155566210045662,0.9988936062686365,0.9987477940516359,0.9990224464210783
node.tier_b_wake_j,low,ee_now,45,0.1573337441502108,0.13981771663413853,0.17566016230062717,0.6129633170767061,0.5908916830259419,0.6374443351238056,0.31325280051460425,0.27693080103466894,0.3486194607066777,0.0,0.0,0.0,17.123133204659265,16.790982011010858,17.45173983071942,0.0,0.0,0.0,0.6876712328767124,0.5641978691019788,0.8017245053272448,0.9987052059263186,0.9984392257813062,0.9989377523829275
node.tier_b_wake_j,low,lazy_defer,45,0.17567866399347476,0.15310718147551108,0.19997981304597975,0.6348761022143458,0.6105018714378406,0.6588751537077716,0.30191119594142496,0.26625262747831335,0.33847613897565737,48.0,48.0,48.0,16.937135706718518,16.600013449770856,17.272654167538438,0.0,0.0,0.0,0.13747336377473365,0.1110471841704718,0.1640806697108067,0.9986269312532937,0.9983291954564271,0.998888955835779
node.tier_b_wake_j,low,sunsched,45,0.18030505313479497,0.1598679332062016,0.1998906861960312,0.595934430798346,0.5645038362986665,0.6265300505042002,0.3683494972318373,0.32968990662939845,0.40602138478368427,0.650185185185185,0.6279629629629628,0.6742592592592591,17.729776607353013,17.36716343077117,18.079788840563467,0.0,0.0,0.0,0.8141248097412483,0.6944292237442923,0.9394261796042618,0.9989099446002524,0.9987642408987125,0.9990319875036335
site,bergen,always_now,45,0.22689758631517698,0.1949969692125024,0.2597945983998448,0.6544356986685271,0.6121106589767538,0.6921781955252798,0.31445996126037207,0.27133054192947803,0.3602281169194831,0.0,0.0,0.0,52.02051337948746,50.60053219499935,53.28565961383788,0.0,0.0,0.0,1.2087062404870623,1.0164292237442922,1.4093439878234397,0.9927270673827416,0.9924907233502853,0.9929533227130749
site,bergen,ceiling_now,45,0.1992682541376318,0.17717853830284103,0.22311730241456854,0.6301635855350832,0.6010641106716942,0.657125677706873,0.3029790035521215,0.26401800503744693,0.3409684145613952,0.0,0.0,0.0,53.13197284399788,51.828435938760244,54.353378294645495,0.0,0.0,0.0,0.9909893455098935,0.8303561643835616,1.1495403348554032,0.9932330016542246,0.9929738664328511,0.9934701457701788
site,bergen,ee_now,45,0.18085001990760405,0.15611653049627341,0.20741697710701054,0.7091317612903976,0.6888430627988171,0.7306503881478921,0.20695833864075905,0.17865372626819392,0.235597047465261,0.0,0.0,0.0,48.98582867941722,47.49168306360294,50.292838471064115,0.0,0.0,0.0,0.4213089802130898,0.34490106544901067,0.49790563165905627,0.992975406020807,0.9927923603572361,0.9931448146454837
site,bergen,lazy_defer,45,0.2026898008085773,0.1733255877963388,0.23501419429635162,0.7345720624661144,0.7143584257259579,0.7553271478764059,0.18607888649336926,0.16165711741833474,0.2120632446158613,48.0,48.0,48.0,47.14333678780548,45.682917371783994,48.414113351670075,0.0,0.0,0.0,0.07945205479452054,0.06532572298325723,0.0945525114155251,0.9929637495604786,0.9927761842565086,0.9931343009777556
site,bergen,sunsched,45,0.2062241583489191,0.18280574756638734,0.23270002510178245,0.6761279502759231,0.6487922864966604,0.7014159582219429,0.27985533222992354,0.24646028655147761,0.31451659973873836,1.8952777777777732,1.3666574074074034,2.5338726851851794,51.914218265723655,50.53305149568129,53.21153309508457,0.0,0.0,0.0,0.7396651445966516,0.614447488584475,0.8675890410958905,0.9933549313796224,0.9931414305767864,0.9935777295284379
site,dhaka,always_now,45,0.2093722343084714,0.17984915600023715,0.24151767960318576,0.6100260371015503,0.5734645750570767,0.6456635315541017,0.36070900184867016,0.31835804188673383,0.4040082079223628,0.0,0.0,0.0,11.321561056568155,11.221256250137156,11.4102135647671,0.0,0.0,0.0,1.127427701674277,0.9443424657534246,1.3073607305936072,0.9950763328234575,0.9945655565723811,0.995591736012896
site,dhaka,ceiling_now,45,0.1769331998852321,0.1519907779318684,0.2038271717581876,0.5363385018412615,0.4980302432374755,0.5734378630116613,0.41516159821184967,0.3663030779125945,0.4630665174205332,0.0,0.0,0.0,12.06083837095767,11.959099488492813,12.15688795884834,0.0,0.0,0.0,0.8848097412480975,0.7572998477929986,1.0147412480974123,0.9975739483284689,0.9971329645705213,0.9979962882428239
site,dhaka,ee_now,45,0.15481841240377922,0.1369704636728995,0.17286949224200474,0.6068567149474133,0.5820926339538411,0.6298965536787327,0.3204315318518263,0.2847047009461177,0.3578625148178577,0.0,0.0,0.0,11.207130411539305,11.117357150135021,11.291830943199761,0.0,0.0,0.0,0.7283409436834093,0.6152496194824965,0.8437762557077625,0.9950526563421761,0.9945267482904835,0.9955602385102267
site,dhaka,lazy_defer,45,0.1824255340444778,0.15935545486132552,0.2068490031205888,0.6464883401758583,0.624011795551797,0.6705482808912155,0.2883843989001081,0.2531971055259274,0.3225599657944688,48.0,48.0,48.0,10.808387634090852,10.724686775947612,10.886568304315825,0.0,0.0,0.0,0.18417047184170474,0.1469634703196347,0.220220700152207,0.9948588537557888,0.9943230563018194,0.9954388221774617
site,dhaka,sunsched,45,0.17299284848496493,0.15337307077413043,0.19194930367031238,0.5781435770975963,0.5441277342690957,0.6118004141983974,0.388394715703816,0.3451532450903606,0.42873648950392057,1.2549074074074065,0.8936689814814806,1.7015347222222217,11.885602542017088,11.805816055343413,11.961275458694322,0.0,0.0,0.0,0.6209436834094368,0.5272389649923895,0.7139726027397261,0.9977420455580029,0.9973979820584811,0.9980743219967347
site,munich,always_now,45,0.2043772210571141,0.17453041684048662,0.2363274186979199,0.5898269071166836,0.5491627616341107,0.6283372367573655,0.3836073960810809,0.3391408480653737,0.42936830247242064,0.0,0.0,0.0,36.03268227226661,35.35940464558395,36.712834237527886,0.0,0.0,0.0,1.0700152207001523,0.9017184170471843,1.2402130898021309,0.991037092735508,0.9907313351657447,0.9913393276165489
site,munich,ceiling_now,45,0.1722009799764924,0.1495553352171771,0.19633909492933707,0.5304913500659352,0.4942424074106405,0.565009879460087,0.41898013187832034,0.3753062684404216,0.4629196110249395,0.0,0.0,0.0,37.20541431275858,36.637401153289886,37.80036515115264,0.0,0.0,0.0,0.8527853881278541,0.7288097412480975,0.9759528158295281,0.9920862969826619,0.9917709139716503,0.9924135117150309
site,munich,ee_now,45,0.1611648371595184,0.14197569829883616,0.1801822379603259,0.6312275284588459,0.6068752040243287,0.654645471796025,0.29454603104606153,0.2599192946841351,0.3310890614238748,0.0,0.0,0.0,34.9162245496149,34.254114312883544,35.63390289047518,0.0,0.0,0.0,0.5312024353120243,0.4402998477929985,0.6206544901065447,0.990916406035709,0.9906336166181662,0.9912061356849677
site,munich,lazy_defer,45,0.19025658093130535,0.16211561356791027,0.2205608672550167,0.682177696425504,0.6614573911915809,0.7025221433932461,0.24648315992774453,0.21750281171102123,0.2775102726262197,48.0,48.0,48.0,33.439127647462385,32.683997277061714,34.21197190963725,0.0,0.0,0.0,0.1034398782343988,0.08371232876712328,0.12414003044140033,0.990852941829577,0.9905617857071025,0.9911553964593114
site,munich,sunsched,45,0.1752725876926538,0.15520204609828617,0.19629909290592717,0.5804990086768688,0.545942347304805,0.6144474095086107,0.38524845022621385,0.342489108424778,0.4257668299258686,2.3018518518518487,1.014055555555555,4.576814814814811,36.68813622894517,36.099844566086176,37.28117485529084,0.0,0.0,0.0,0.6132115677321157,0.5162648401826485,0.7079543378995433,0.9922125142167272,0.9919251793806428,0.9924918466282375
site,nairobi,always_now,45,0.20785387611160025,0.17804719919279316,0.2388903726866578,0.604890624680422,0.5683291872573644,0.6388720146356031,0.3662365388445968,0.32617913305902546,0.4096986210785734,0.0,0.0,0.0,15.73098802155116,15.565903990534652,15.898308577471804,0.0,0.0,0.0,1.1138508371385085,0.9437336377473367,1.2898964992389652,0.9940615158811235,0.993442493666445,0.9946839522830292
site,nairobi,ceiling_now,45,0.1747731733103382,0.15057384628152318,0.20065429149746378,0.5295231693067961,0.4921976477885512,0.5645662238773425,0.4208140685808762,0.3745553677057721,0.46877766767491585,0.0,0.0,0.0,16.61549170840537,16.444662852342233,16.783647261355824,0.0,0.0,0.0,0.8732420091324201,0.7468493150684932,0.996543378995434,0.9971626445938919,0.9967308871289298,0.997568672219589
site,nairobi,ee_now,45,0.15302063917264877,0.13516463586166866,0.17067317418757935,0.6020147783013088,0.5769946114657787,0.6252727272383983,0.3264517350729739,0.29008934627743244,0.3645212748903511,0.0,0.0,0.0,15.619582627109084,15.461226576322055,15.773482825208736,0.0,0.0,0.0,0.7242009132420092,0.6097290715372907,0.8399452054794521,0.9940456552384328,0.9934102450917567,0.994662410108566
site,nairobi,lazy_defer,45,0.18125542881234682,0.15721935889746472,0.20509865444483258,0.6409570591389451,0.6175002394512978,0.66379405661603,0.29493001207215935,0.25990411709303424,0.33118865698527955,48.0,48.0,48.0,15.199359381715945,15.055139176410787,15.353501044116134,0.0,0.0,0.0,0.20286149162861492,0.16310502283105024,0.24548401826484018,0.9939626024778079,0.99327784700506,0.9945977853414824
site,nairobi,sunsched,45,0.17077530810605232,0.15249611832219379,0.19057999578413448,0.5733185570767187,0.5367299324317559,0.6078676445570282,0.39315324870291557,0.34855141965108083,0.43641051143123005,1.239629629629628,0.8874074074074069,1.6981759259259182,16.4031994343873,16.248302145492158,16.560960614956333,0.0,0.0,0.0,0.6131506849315068,0.517468797564688,0.7073987823439878,0.9973139226471199,0.9969408778120342,0.9976832692442016
site,phoenix,always_now,45,0.20763884190883333,0.17763291044520038,0.23848245412309574,0.6034209870812522,0.5647285556712275,0.6417923130991159,0.3679331551619554,0.32303539304426376,0.41128142712972765,0.0,0.0,0.0,10.756494193245787,10.667548989281967,10.840402407534985,0.0,0.0,0.0,1.1053272450532725,0.9358219178082193,1.2844459665144596,0.9971801734443624,0.9962840299164412,0.9980005786880765
site,phoenix,ceiling_now,45,0.1826411352624371,0.1596031112237889,0.2085465618310916,0.5515457243451111,0.5142694165228753,0.5889930069160332,0.39911966333435295,0.3530686975579444,0.44666815397389514,0.0,0.0,0.0,11.152488184303055,11.074372279660599,11.227765289985237,0.0,0.0,0.0,0.8884018264840182,0.7603607305936073,1.0189954337899543,0.9973287030629947,0.9964883554916385,0.9981043242999361
site,phoenix,ee_now,45,0.15520307839074013,0.1380036784814241,0.17209493694970393,0.6139460259617228,0.5907386190436515,0.6371548695803189,0.3116976334474294,0.2769885116543371,0.3476017641150776,0.0,0.0,0.0,10.516545956040884,10.445901598570275,10.587080614060062,0.0,0.0,0.0,0.6286149162861492,0.5235007610350075,0.736759512937595,0.9970298959696947,0.9960583805919898,0.9979020477212585
site,phoenix,lazy_defer,45,0.1846785690220836,0.15988917924534307,0.2107713819818273,0.6604765644071643,0.6396950673126147,0.6807498516422422,0.27300552089058694,0.24176280749121487,0.30420303359746265,48.0,48.0,48.0,10.05695073848332,9.966259554252652,10.137312642868768,0.0,0.0,0.0,0.1346727549467276,0.10885388127853882,0.16153120243531197,0.9969392351095328,0.9959854894850925,0.9978620563166654
site,phoenix,sunsched,45,0.17794994713764314,0.15904068205720798,0.19899530167235235,0.5897518897457283,0.5568074900527533,0.623306218082833,0.37552068643661113,0.3330690116412041,0.4137960578159332,1.170370370370363,0.9151388888888868,1.508564814814806,10.978832903469794,10.91728579059395,11.039502678909297,0.0,0.0,0.0,0.6344596651445967,0.5355738203957382,0.7332815829528159,0.9975002850738103,0.9967557058855002,0.9981812565672834
solar.enclosure_gain_c,high,always_now,45,0.2057132929940469,0.1765285936367624,0.23754233938891328,0.5962247629684883,0.5566295114217527,0.6364798577414992,0.375967606525809,0.3320975226646332,0.4213161172713695,0.0,0.0,0.0,10.277985824761593,10.065008093868718,10.473668347176538,0.0,0.0,0.0,1.087123287671233,0.9098873668188737,1.2571704718417045,0.995674482403866,0.9942246943996352,0.9970849781855133
solar.enclosure_gain_c,high,ceiling_now,45,0.17646107537207206,0.1533215384585337,0.2028403297044467,0.5376576089806242,0.500935675974714,0.5747009237057685,0.4111557453598286,0.36324675337490714,0.45797854142727734,0.0,0.0,0.0,10.607223826487692,10.389620251618902,10.818615120787614,0.0,0.0,0.0,0.8639269406392693,0.7426392694063927,0.9845738203957378,0.9963451515715835,0.9950720925790927,0.997570113512858
solar.enclosure_gain_c,high,ee_now,45,0.15442170401155494,0.1385873625834018,0.17096736003920807,0.611473574564275,0.588154414548395,0.6342422884846066,0.31454037817553393,0.27856181235642163,0.35166178637566003,0.0,0.0,0.0,10.104736478339866,9.887403852606967,10.29095561945424,0.0,0.0,0.0,0.6124200913242009,0.5087747336377475,0.7147640791476407,0.9954613527783367,0.9939329835514146,0.9969089684979284
solar.enclosure_gain_c,high,lazy_defer,45,0.18495879116972835,0.15985846045118607,0.21169649458285153,0.660849429004222,0.6394020701893113,0.6810809693974957,0.2725763062390103,0.24095997949900375,0.30238245019617044,48.0,48.0,48.0,9.737917230386627,9.533945113578467,9.940080902362745,0.0,0.0,0.0,0.13595129375951298,0.10922374429223745,0.16287519025875183,0.9952841082139324,0.9937575544395586,0.9968030580289321
solar.enclosure_gain_c,high,sunsched,45,0.17541018780518158,0.1548850333570793,0.19546565062136326,0.5847452456707145,0.5502034381881836,0.6185589193537694,0.3813849873320172,0.34138033741863566,0.4212463243033707,1.1040740740740724,0.8851388888888889,1.4049351851851797,10.465986996281105,10.259544434569657,10.679749836893665,0.0,0.0,0.0,0.6275799086757992,0.5301567732115676,0.7249939117199392,0.9965641965659856,0.9954508679294497,0.9976542658314316
solar.enclosure_gain_c,low,always_now,45,0.2057132929940469,0.17604707158698646,0.23654109880557145,0.5962247629684883,0.5569994541181819,0.6323213438041002,0.375967606525809,0.33235600046355157,0.4217878084241624,0.0,0.0,0.0,27.310592910190927,26.737232296440574,27.910603653111828,0.0,0.0,0.0,1.087123287671233,0.9185951293759514,1.2531933028919329,0.9969117976867244,0.996062057237075,0.9976522987590457
solar.enclosure_gain_c,low,ceiling_now,45,0.17646107537207203,0.1534857152546796,0.2016245561556682,0.5376576089806242,0.5007472143473712,0.573123643911176,0.41115574535982863,0.3651771887135466,0.4573632937090507,0.0,0.0,0.0,28.135430599985213,27.530802436984878,28.733705155233043,0.0,0.0,0.0,0.8639269406392694,0.7394764079147641,0.988697108066971,0.9972349569905686,0.9964958538087257,0.997967505926816
solar.enclosure_gain_c,low,ee_now,45,0.15442170401155494,0.1378400053934926,0.1707433111660919,0.611473574564275,0.5883484207372449,0.6345124836353572,0.31454037817553393,0.27847382445126534,0.352014563912138,0.0,0.0,0.0,26.854104479408143,26.298365031144677,27.399340309869025,0.0,0.0,0.0,0.6124200913242009,0.5105601217656013,0.7153744292237444,0.9967868287251215,0.9959328289438873,0.997628214781603
solar.enclosure_gain_c,low,lazy_defer,45,0.18495879116972833,0.15936520324715786,0.21110484351955114,0.660849429004222,0.641216110886145,0.6808446178927575,0.2725763062390103,0.24235250295149174,0.3039952926682692,48.0,48.0,48.0,25.900100675923415,25.35423748636956,26.410541378916943,0.0,0.0,0.0,0.13595129375951293,0.110013698630137,0.16225570776255704,0.9966890268441397,0.9958079532806946,0.9975181415420747
solar.enclosure_gain_c,low,sunsched,45,0.17541018780518158,0.15560953068811506,0.1955573274008327,0.5847452456707145,0.5510818367868816,0.6193976662021332,0.38138498733201714,0.34078465940510194,0.4205200237506007,1.1040740740740724,0.8740740740740743,1.3930092592592533,27.775962185480978,27.212814573890007,28.346387244713647,0.0,0.0,0.0,0.6275799086757992,0.5298584474885845,0.7212298325722981,0.9973578134801443,0.9967004851272727,0.9979859627740331
