ratio,policy,n,value_score,value_score_lo,value_score_hi,gain_captured,gain_captured_lo,gain_captured_hi,accuracy,accuracy_lo,accuracy_hi,macro_f1,macro_f1_lo,macro_f1_hi,animal_recall,animal_recall_lo,animal_recall_hi,dropped_frac,dropped_frac_lo,dropped_frac_hi,refined_now_frac,refined_now_frac_lo,refined_now_frac_hi,refined_later_frac,refined_later_frac_lo,refined_later_frac_hi,latency_mean_h,latency_mean_h_lo,latency_mean_h_hi,latency_p95_h,latency_p95_h_lo,latency_p95_h_hi,b_wakes_per_day,b_wakes_per_day_lo,b_wakes_per_day_hi,soc_mean,soc_mean_lo,soc_mean_hi,frac_time_soc_above_90,frac_time_soc_above_90_lo,frac_time_soc_above_90_hi,battery_temp_mean_c,battery_temp_mean_c_lo,battery_temp_mean_c_hi,f_calendar_per_year,f_calendar_per_year_lo,f_calendar_per_year_hi,f_cycle_per_year,f_cycle_per_year_lo,f_cycle_per_year_hi,calendar_share,calendar_share_lo,calendar_share_hi,battery_years_to_eol,battery_years_to_eol_lo,battery_years_to_eol_hi,replacements_per_deployment,replacements_per_deployment_lo,replacements_per_deployment_hi,battery_kgco2e_per_deployment,battery_kgco2e_per_deployment_lo,battery_kgco2e_per_deployment_hi,curtailed_kj,curtailed_kj_lo,curtailed_kj_hi,dead_frac,dead_frac_lo,dead_frac_hi,reserve_coverage,reserve_coverage_lo,reserve_coverage_hi
0.5,always_now,45,0.20571329299404692,0.17617921392725588,0.2377559665903289,0.1765557396080541,-0.00034458340539628634,0.3399797096901227,0.20761268358128618,0.17702725061634458,0.24044295495199705,0.16761617925432915,0.1481610599079449,0.18896680231547425,0.5962247629684883,0.5596416449456936,0.6329720536337128,0.375967606525809,0.33234062200271397,0.4185434901561005,0.6236853963920084,0.581000286536403,0.6673356957396163,0.0,0.0,0.0,0.0,0.0,0.0,0.0,0.0,0.0,1.087123287671233,0.9164505327245053,1.252732115677321,0.21351659253537314,0.20798409717096386,0.21914274732349232,0.0,0.0,0.0,21.00429186091375,20.732623700555102,21.287186693035547,0.009343532489978545,0.00914600569235908,0.009552172100715914,3.5489549060204134e-05,2.5308110542674632e-05,4.561499081890413e-05,0.9961639972765661,0.995060802486889,0.9972841406513793,17.566665191382423,17.183298214136343,17.93052029582232,0.5721560639947012,0.5602549659014859,0.5846781177835058,0.48633265439549617,0.47621672101626294,0.49697640011597993,0.0,0.0,0.0,0.2636561390157281,0.2568027809487569,0.2704186009639777,nan,nan,nan
0.5,ceiling_now,45,0.176461075372072,0.15373993076524767,0.20228330192210073,-0.05312138888409982,-0.21204228281391777,0.11290731807692075,0.18465849310453705,0.1604388513425526,0.21277619995408834,0.13304571347500813,0.11856080003654473,0.14946756999183328,0.5376576089806241,0.5012526837231364,0.573691327169023,0.4111557453598286,0.365147503999857,0.4585753455310634,0.5096863343842217,0.4727756998540025,0.546803418574032,0.0,0.0,0.0,0.0,0.0,0.0,0.0,0.0,0.0,0.8639269406392694,0.738179604261796,0.9822968036529679,0.18596880961238169,0.18091017427230668,0.1912304772540636,0.0,0.0,0.0,21.00429186091375,20.73378482709261,21.28614073241627,0.009064154309126743,0.008873748151574613,0.009263491877801554,2.984955763674378e-05,2.1271858596036567e-05,3.934725072931976e-05,0.9966698592260602,0.9956206717436232,0.9976368721190664,18.11331020132119,17.727070246903757,18.48329596988772,0.5547688700061164,0.5434155239878773,0.5665733794895895,0.47155353950519896,0.46190319538969565,0.4815873725661511,2.8673122359292575,2.7722395723071585,2.9647276001148395,0.2878729071537291,0.28045542660240147,0.29456842973110087,nan,nan,nan
0.5,ee_now,45,0.15442170401155494,0.1383981290783329,0.17123392587112596,-0.33667677082493636,-0.5134218256928722,-0.1648452025693223,0.16880364047977545,0.14880520932779465,0.1892377110661626,0.09631535093442391,0.08847230297572017,0.10459927648068496,0.611473574564275,0.5896481598433817,0.6340067741381981,0.3145403781755339,0.28059642402832796,0.3504057489152618,0.3326957451014245,0.31277306365318486,0.35271148186390977,0.0,0.0,0.0,0.0,0.0,0.0,0.0,0.0,0.0,0.6124200913242009,0.5062374429223745,0.7137001522070013,0.22788971053054105,0.22371221559636706,0.23197258098851994,0.0,0.0,0.0,21.004291860913746,20.730115154707505,21.271714151706185,0.009499837080415841,0.00930223280059123,0.00970072310623167,3.7979406044163424e-05,2.687632913415278e-05,4.973426355811563e-05,0.9959881670320531,0.9947529446510573,0.9971537482302799,17.270044565960877,16.915545772173775,17.62369428185484,0.5818431300494123,0.5699646553524774,0.5940436465611783,0.49456666054200044,0.48446995704960594,0.5049370995770015,0.0,0.0,0.0,0.22814730255369525,0.22022661931337728,0.23530752156265852,nan,nan,nan
0.5,lazy_defer,45,0.18495879116972835,0.16087365529663006,0.2121670862155568,-0.23532169106243128,-0.3779151994313019,-0.09868242387780346,0.19395759389255096,0.16773535312769694,0.2224068079300958,0.11810873814678224,0.10931713486678905,0.12702210371924075,0.660849429004222,0.6405919033718837,0.6810477341053456,0.2725763062390103,0.2423336478968634,0.3029539570995017,0.0,0.0,0.0,0.12258788329896092,0.11377375362925515,0.1300571289841251,29.607750528653433,28.061069820710934,31.155417755860146,48.0,48.0,48.0,0.13595129375951293,0.11007458143074582,0.16262861491628608,0.25904787486870656,0.2551593186672709,0.26336362445062955,0.0,0.0,0.0,21.00429186091375,20.741829193625875,21.270955058599778,0.009855183897022586,0.009659729018258675,0.010063872913884725,4.177802881705933e-05,2.9272822620236615e-05,5.436838760879393e-05,0.995845783130241,0.9946202095803316,0.9970723507438233,16.648292197657927,16.30267408733994,16.980897470912776,0.6037523696419618,0.5915250213519474,0.6166793987047862,0.5131895141956676,0.5027962681491553,0.5241774888990682,0.0,0.0,0.0,0.19560819381024863,0.18364032639945882,0.20653650325553866,nan,nan,nan
0.5,sunsched,45,0.17541018780518158,0.15567354371498301,0.19531247512908373,-0.08487844663180595,-0.20409333650010653,0.02781267218061624,0.17852626537530625,0.15744686344698625,0.20058674039277194,0.13298162297574215,0.11920526271166547,0.14879501778245874,0.5847452456707145,0.5503220938440918,0.6171550954180515,0.3813849873320172,0.3400519963477402,0.42147167179043465,0.0,0.0,0.0,0.324333285815195,0.297498347298516,0.3543477658443485,0.6129634894932255,0.5586975994475699,0.6760352997303171,1.1040740740740722,0.875925925925926,1.4082037037036983,0.6275799086757992,0.5330273972602739,0.7264733637747336,0.19829915928663558,0.19480498859687778,0.20180070124819255,0.0,0.0,0.0,21.004291860913746,20.74314034109631,21.2704180056142,0.009184263486070219,0.009005551518453073,0.009375431034123215,2.881558264591889e-05,2.073653367830413e-05,3.760370986357213e-05,0.9968467949838811,0.9958994810447467,0.997735408902064,17.877159093545774,17.51130141645088,18.223499813473442,0.5620329108181568,0.5511590654360838,0.5736219184969653,0.4777279741954332,0.46848520562067136,0.4875786307224206,3.1251783080771367,2.9826536066736202,3.277451203239065,0.2745480297649247,0.2673696516150854,0.2814228500761035,0.9444757433489824,0.943411580594679,0.9454773082942095
0.5,sunsched_lite,45,0.14712049295048293,0.12142579263841731,0.17480397120027255,-0.4078873787026612,-0.5224924342428198,-0.3010098156349863,0.15673794302538951,0.13001377906199899,0.1863114931754183,0.0881063934238686,0.08057702027095523,0.0960774289949889,0.6162098613930878,0.5905589157519231,0.6409770869520964,0.32280002887354614,0.2874273198816709,0.35884324003930684,0.0,0.0,0.0,0.0,0.0,0.0,0.0,0.0,0.0,0.0,0.0,0.0,0.0,0.0,0.0,0.2244024338672925,0.2220164923022324,0.22713272901619994,0.0,0.0,0.0,21.004291860913746,20.723811608308186,21.27673561798038,0.009458502977897718,0.009273667948928655,0.00964524894334041,2.8914281688739715e-05,2.0663494320395054e-05,3.8111082704985806e-05,0.9969668756117478,0.9960210188399339,0.9978339571236837,17.35938680379317,17.023974327157777,17.702614262442097,0.5787685852667774,0.5673119986871595,0.5902772018966319,0.49195329747676086,0.48221519888408565,0.5017356216121371,3.71089581822341,3.454817765796297,3.997988507899654,0.23658887197699982,0.22570578598004395,0.2464367706747844,0.9444757433489824,0.9434741784037556,0.9454773082942095
0.5,sunsched_no_ceiling,45,0.1927272165572688,0.17131471790608577,0.21560375304093643,-0.025132395609590817,-0.12536859210939058,0.0720821180858402,0.19595342714407313,0.1724213483217857,0.2209593909062736,0.14353707620414544,0.12688286909242893,0.1622799221512249,0.6375541309243249,0.6080878196815842,0.664641911976271,0.3237583839778146,0.2886447682787303,0.3619449960379359,0.0,0.0,0.0,0.353506879235093,0.32827569605113216,0.37916714637148663,0.7736168315909308,0.7140796059294707,0.8349575379461471,1.3211111111111078,0.9951851851851846,1.6866851851851807,0.6557077625570776,0.5500593607305937,0.7628036529680363,0.23595978308139345,0.2329999361191011,0.23882500318789493,0.0,0.0,0.0,21.00429186091375,20.731325827633388,21.275362220935843,0.009583535763453206,0.009386597905981727,0.009783682340467462,3.67682208875979e-05,2.617636399912324e-05,4.785301226770777e-05,0.9961806180240356,0.9950255989634212,0.997278988485285,17.122891811163406,16.77107077984687,17.477127694610278,0.5868751815703281,0.5745610632022853,0.5990384638341809,0.498843904334779,0.4883769037219426,0.5091826942590537,0.0,0.0,0.0,0.2325653221714865,0.2244814339167935,0.24018259026720776,0.9444757433489824,0.9434741784037557,0.9454773082942095
0.5,sunsched_no_conformal,45,0.17542344017168116,0.15578095102724626,0.19567157323884288,-0.08473213912684117,-0.20155198358761137,0.03316826868576116,0.17853428846060146,0.15774569754746776,0.20161329846020692,0.13300723288003188,0.11960667782894933,0.14904839256623093,0.5846729621660878,0.5508969413062857,0.6190433002607373,0.3815016194813206,0.33985503706353964,0.42101544293996246,0.0,0.0,0.0,0.3245302068520962,0.2984484502843111,0.3530901842154315,0.6015464114397437,0.5417977214437255,0.6656628026251015,1.1040740740740724,0.8758333333333325,1.3929722222222176,0.6283713850837139,0.536923896499239,0.7265144596651447,0.19829290275470174,0.19473416896773604,0.20172202377673076,0.0,0.0,0.0,21.004291860913746,20.73132555175133,21.280314915828118,0.009184197472140655,0.00899627011880865,0.009382026323470944,2.8814929762599738e-05,2.0811250742977774e-05,3.727137760313499e-05,0.9968466938620107,0.9959259991429705,0.997725655981719,17.87728233353352,17.50481985857811,18.239100954828317,0.5620288438886731,0.5506822340254647,0.5740865581007577,0.4777245173053722,0.468079898921645,0.48797357438564415,3.1251783080771367,2.988113791721724,3.2711565824013893,0.27459961102655167,0.26757508878741754,0.28144912692372737,0.6888888888888889,0.6829420970266041,0.6947104851330203
0.5,sunsched_no_defer,45,0.15339174490333998,0.13375834885894353,0.17434285984338962,-0.285853586210456,-0.39544590327643625,-0.18063982492688485,0.15895133598193317,0.1381559110915047,0.1814638237000001,0.11345986703210564,0.10187541951101506,0.12646646434455952,0.5854732488593504,0.5492995692543682,0.6184118180839998,0.37325143167106434,0.330508341935317,0.41770834294890075,0.162054870309836,0.1446471666660147,0.17955092795259642,0.0,0.0,0.0,0.0,0.0,0.0,0.0,0.0,0.0,0.5543987823439878,0.44584018264840175,0.6665707762557077,0.20216675399451192,0.1986055305666784,0.20595680844935788,0.0,0.0,0.0,21.00429186091375,20.74133949692357,21.284050588622197,0.009223699848730164,0.009040432922103069,0.00941750816554309,2.8853646304100685e-05,2.072623972645582e-05,3.8051277332641144e-05,0.9968504514404467,0.9958350997503431,0.9977350947218875,17.800738523588933,17.428120984536953,18.153893464202806,0.5644410011602651,0.5532131925726055,0.5763782745469789,0.4797748509862254,0.4702312136867146,0.48992153336493205,3.203885956973145,3.0547128394516716,3.3601853155733696,0.2677333840690006,0.2610805640115001,0.27336181401150006,0.9444757433489824,0.9434741784037557,0.9454773082942095
0.5,triage_only,45,0.167667401825491,0.13752910176510072,0.20112810114452875,-0.33444122071427296,-0.4364120621597464,-0.24218418063126956,0.1791491203627824,0.14544818247769425,0.21457267504108196,0.0975230204229947,0.08718963028850286,0.10879660932498574,0.6745270361693436,0.6556159115971798,0.6931046211243747,0.2551461652981344,0.2279938465663376,0.28353441523214057,0.0,0.0,0.0,0.0,0.0,0.0,0.0,0.0,0.0,0.0,0.0,0.0,0.0,0.0,0.0,0.27436739288134726,0.26793113410648633,0.28171711090392115,0.0,0.0,0.0,21.00429186091375,20.727717630234764,21.265368024402793,0.010036396289041334,0.009823350745802383,0.010252942230830184,4.419296462226524e-05,3.0086727424806527e-05,5.817937701544934e-05,0.995735881355635,0.9944316844811206,0.9970184828886478,16.35464910844902,16.000969086277813,16.706197396877442,0.6149543359762244,0.6018333464119399,0.6285216794682585,0.5227111855797907,0.5115583444501491,0.5342434275480198,0.0,0.0,0.0,0.183707720277355,0.169840441611703,0.19668098363774733,nan,nan,nan
1.0,always_now,45,0.3474940794066018,0.29355765259636274,0.4072562293981425,1.0,1.0,1.0,0.355988210038104,0.2955992342352903,0.4237084827653272,0.23937153199778394,0.2070053377946959,0.2757708821474656,0.9556503763412387,0.9430314050538401,0.967470647285459,0.0,0.0,0.0,1.0,1.0,1.0,0.0,0.0,0.0,0.0,0.0,0.0,0.0,0.0,0.0,1.9519025875190263,1.5358843226788432,2.38138203957382,0.5769023754038993,0.5673138286192566,0.5870866160701911,0.0,0.0,0.0,21.004291860913746,20.730646678753025,21.279684422229536,0.013831719187003157,0.013503037103749466,0.014177987382742048,0.00018841094328054045,0.00018259781551663816,0.0001941563135150229,0.9865594515545898,0.9863158764517836,0.9868181577420403,11.76898602107343,11.49071467877736,12.038040385035059,0.855281333026783,0.8350070161388992,0.876620379534751,0.7269891330727657,0.7097559637180644,0.7451273226045384,0.0,0.0,0.0,0.0,0.0,0.0,nan,nan,nan
1.0,ceiling_now,45,0.30799265592032127,0.26177499965888434,0.35975640013411964,0.768783394777011,0.702171811992016,0.8418791182809219,0.3201522378502597,0.26718348140648013,0.38026913387601813,0.19427298943153753,0.16790332900815533,0.22535999687313163,0.9208466046338455,0.9043043766751488,0.9366334115658022,0.019916909881506295,0.011471021061362139,0.029693018596821972,0.8766104902577775,0.8502399704941015,0.9013657356801468,0.0,0.0,0.0,0.0,0.0,0.0,0.0,0.0,0.0,1.6674581430745816,1.3431796042617958,1.9903257229832572,0.30580384108173825,0.29839670966177734,0.31311520258743425,0.0,0.0,0.0,21.00429186091375,20.745636556004172,21.276630729336844,0.010350972425832456,0.010140992867958087,0.010565709127892066,0.00010497777330827956,0.00010213952862377508,0.00010815626336316915,0.9899505367859774,0.9897270571894639,0.9901809065308323,15.756208170048447,15.435550517322552,16.07177908157715,0.6378527831967981,0.6249332702444902,0.6510819597955699,0.5421748657172785,0.5311932797078167,0.5534196658262344,11.94761100502243,11.659596458761069,12.22547836922511,0.0006895822763402672,0.00015009301538981905,0.001414077033654659,nan,nan,nan
1.0,ee_now,45,0.24342265014236233,0.20232262378411553,0.2886057843494801,0.33499566448008483,0.09406067414652967,0.5694601071554325,0.26866052748150526,0.2183455661624098,0.3246397646880896,0.1298819435915485,0.11520325696499407,0.14555961319509592,0.9102365453686226,0.8900302918131792,0.9302248366003142,0.0,0.0,0.0,0.9650840336012108,0.9499791128401486,0.9791198014964416,0.0,0.0,0.0,0.0,0.0,0.0,0.0,0.0,0.0,1.8611263318112636,1.4844946727549466,2.2518888888888884,0.5806455267893769,0.5712283221991484,0.5904949049785623,0.0,0.0,0.0,21.00429186091375,20.7437556854431,21.268504236903784,0.013881614838229223,0.013564303954584305,0.01421511579439284,0.00018807847081701208,0.00018258542242908133,0.0001939268416680065,0.9866336828379028,0.9864039561054255,0.9868687899491831,11.726200715095931,11.459596129295965,11.986771744287221,0.8583048756905923,0.8387645661303574,0.8790862667269241,0.7295591443370032,0.7129498812108038,0.7472233267178853,0.0,0.0,0.0,0.0,0.0,0.0,nan,nan,nan
1.0,lazy_defer,45,0.318848541263451,0.26582616283307736,0.3779154127009725,0.7745598332097657,0.653128503070976,0.8945940934633426,0.32895891122136955,0.269994076657866,0.3952319365800981,0.21513746602257966,0.18304271682519063,0.2518769182358161,0.9401538245948253,0.9257063554904729,0.9546991721805571,0.0,0.0,0.0,0.0,0.0,0.0,0.7369789981796833,0.6942198946169873,0.781823999601413,15.278779796813119,13.211713302986572,17.218338141651248,43.912962962962965,40.605555555555554,47.18703703703704,0.8929071537290715,0.6892435312024353,1.1122998477929982,0.638722074417615,0.626537039816048,0.6517178762713042,0.0,0.0,0.0,21.004291860913746,20.7306620610106,21.286640475921896,0.014756451630690899,0.01439667860057817,0.015131494060023445,0.00018286233354392222,0.0001766969698463442,0.0001896443852206471,0.9877542171364221,0.9874198248335501,0.9880532992938926,11.049555400451474,10.782221970572316,11.306990660915718,0.9113550475710059,0.8891549286020031,0.9345406099412462,0.7746517904353549,0.7557816893117028,0.7943595184500591,0.0,0.0,0.0,0.0,0.0,0.0,nan,nan,nan
1.0,sunsched,45,0.2923934014818836,0.24899103037985823,0.34150414400560897,0.5593742654201411,0.4983359367623837,0.6216713510044537,0.30423672277086833,0.25190691391708164,0.363538609768087,0.18780053790271262,0.16119602816516587,0.2182999913542274,0.9295447024606426,0.9185453990282243,0.9414089051056975,0.009635437577435478,0.0045245492613942275,0.016698475595696073,0.0,0.0,0.0,0.5301072140031254,0.48501371112898733,0.576567045860993,1.1091903482625294,0.9742872490389218,1.2803985432160274,4.321759259259251,2.6992800925925886,6.61834027777777,1.1007001522070015,0.8877290715372909,1.3285083713850836,0.33600211229118215,0.33075340032694983,0.34095070905619357,0.0,0.0,0.0,21.004291860913746,20.72939091938418,21.27848982075067,0.010671879867240525,0.010467384064106156,0.010886175249783378,9.787953259088351e-05,9.543522642361367e-05,0.00010045869290162457,0.9909027328534757,0.9907032174887731,0.9910949786417553,15.286906085505299,14.991820143956675,15.57291892009376,0.6569963395681508,0.6444673539651046,0.670160031326058,0.5584468886329284,0.5477972508703387,0.5696360266271492,13.537507652640427,13.045186283876076,14.06958815007273,0.0002357094537459834,0.0,0.0006236259090140368,0.9440375586854456,0.943411580594679,0.9447261345852892
1.0,sunsched_lite,45,0.21872614019309983,0.17712200914366863,0.26176126367327024,0.0,0.0,0.0,0.2430803404469488,0.1908040124537678,0.30244910857708973,0.1130182203935406,0.10023174475087555,0.127942597334649,0.9077030357162669,0.8858333088497131,0.9293920427422345,0.0006986232001758023,0.0,0.0019928935939369425,0.0,0.0,0.0,0.0,0.0,0.0,0.0,0.0,0.0,0.0,0.0,0.0,0.0,0.0,0.0,0.36913011888314584,0.3640209129317417,0.3738684442353437,0.0,0.0,0.0,21.004291860913746,20.73132582763338,21.274184782588105,0.011022160080664822,0.010805922774249719,0.011239453260878466,8.130333700020815e-05,7.752618340314951e-05,8.537912631095196e-05,0.9926604458160628,0.9922893309710111,0.9929922102619998,14.828043265992983,14.542114961535468,15.108389125589781,0.677353555553803,0.664131329325037,0.6906539905275715,0.5757505222207325,0.5645116299262815,0.5870558919484357,16.914351298749445,15.593608587054906,18.295221084744277,0.0,0.0,0.0,0.9440375586854458,0.943411580594679,0.9446635367762125
1.0,sunsched_no_ceiling,45,0.2952611542721467,0.25102170658144335,0.34452897154190054,0.5729997679861506,0.5109869478387082,0.6403597686209416,0.3074500326943361,0.25429560429172665,0.3674424798874868,0.18862215034430732,0.16199329035278995,0.21918179293652038,0.9386704904428137,0.9267963925381019,0.9507922241389941,0.0,0.0,0.0,0.0,0.0,0.0,0.5393759382749175,0.49426604450616785,0.5877639497797181,1.024565956905867,0.94485876277909,1.1099637251723513,2.710185185185177,1.986370370370364,3.599824074074061,1.0563165905631657,0.8568447488584472,1.2753378995433788,0.6453902655012652,0.6318886019562152,0.6603441328270071,0.0,0.0,0.0,21.004291860913746,20.74317900749264,21.2777900750008,0.014890317405004048,0.014514486874755669,0.015288892887781276,0.00018291372055714776,0.00017742193138752983,0.00018878506991682883,0.9878339652492163,0.9875070448129449,0.9881440413585257,10.961012564437462,10.681218447861628,11.222334566281086,0.9195245044298251,0.8964750045278791,0.9441186548134443,0.7815958287653515,0.7620037538486973,0.8025008565914278,0.0,0.0,0.0,0.0,0.0,0.0,0.9440375586854458,0.943411580594679,0.9446635367762125
1.0,sunsched_no_conformal,45,0.29225808388098024,0.24923445452245077,0.342298431696166,0.5561591634532642,0.49643545035803405,0.6163442606427864,0.3040832022064924,0.25211466544940175,0.36430297787487254,0.18783366498640672,0.16115681736796295,0.2179654457803143,0.9294045813629304,0.9184277554160998,0.9412855850496199,0.009737629655784927,0.004019054881799237,0.016736332968403596,0.0,0.0,0.0,0.5316449016216174,0.4870278349708322,0.5778459120702788,1.032687259684197,0.9319904347521993,1.1371902695559775,3.27268518518518,2.418224537037032,4.284789351851844,1.1015525114155251,0.8913394216133942,1.3232891933028919,0.3359962043173399,0.33085944292773395,0.3411354564540702,0.0,0.0,0.0,21.004291860913746,20.751299006236344,21.26850401506554,0.010671857646780497,0.010477796983580924,0.010879381705345942,9.787907723108386e-05,9.559423209688096e-05,0.00010041176599363484,0.9909027574091308,0.9907071996517954,0.9910877103509663,15.286939895338987,15.003120102576611,15.554808247475654,0.6569949562567815,0.6449769669959526,0.6697767951387991,0.5584457128182644,0.5482304219465599,0.5693102758679792,13.537507652640427,13.072750084873688,14.040970809937804,0.00024712497886013866,0.0,0.0006534331134787756,0.6933333333333334,0.6863208137715179,0.6999702660406885
1.0,sunsched_no_defer,45,0.25781715142035305,0.2195370761255643,0.3032970942628289,0.28052856339049587,0.22807356944756932,0.3351713547622649,0.27393186873111647,0.225780197409723,0.3322012780227355,0.15822463932749162,0.13460318159205084,0.18614509024425105,0.9196852277403136,0.9047077113712735,0.9348607826161731,0.00902285238387093,0.0024119544743646322,0.018309729855157525,0.28234634225406946,0.23815775416943566,0.3340917128628963,0.0,0.0,0.0,0.0,0.0,0.0,0.0,0.0,0.0,1.0129680365296803,0.7387412480974125,1.3116347031963467,0.3434038322876009,0.33854626443681307,0.3480058808682166,0.0,0.0,0.0,21.004291860913746,20.75567095583556,21.291577256713566,0.010754687284490631,0.010563785744611273,0.010979066728367603,9.51490335217682e-05,9.285803367507001e-05,9.751325215484419e-05,0.9912218609853732,0.99104476485583,0.9913904266231583,15.172619570100146,14.868791739515627,15.435641354775386,0.6618813365467867,0.650159828611911,0.6755768248682154,0.5625991360647689,0.5526358543201244,0.5742403011379833,13.97840099414779,13.43329500424458,14.552327103291846,6.553357009978014e-05,0.0,0.00019660071029934043,0.9440375586854458,0.943411580594679,0.9447261345852892
1.0,triage_only,45,0.21872614019309988,0.17994721561161256,0.2635452930869181,0.0,0.0,0.0,0.24308034044694887,0.19292412956722088,0.3033472611462483,0.11300714483207486,0.10041191515693956,0.12820432870142362,0.9083464408140146,0.887423459388114,0.9301204650054912,0.0,0.0,0.0,0.0,0.0,0.0,0.0,0.0,0.0,0.0,0.0,0.0,0.0,0.0,0.0,0.0,0.0,0.0,0.7255396635125153,0.6988819607694375,0.7524334135077704,0.07613647894469812,0.031155959326906815,0.12954622759174697,21.00429186091375,20.73762226633804,21.270442549231483,0.016299910025134288,0.015700466254531247,0.016905646719928544,0.00016596262952664622,0.00016034417699088772,0.00017222248057446318,0.989789263381768,0.9892698820382697,0.9902777245595792,10.094807520928033,9.753173532851434,10.443830791617394,1.004480941521952,0.9678350983538684,1.0413861003842089,0.8538088002936588,0.8226598336007882,0.8851781853265775,0.11287087157644532,0.013485220552642325,0.2625068283905878,0.0,0.0,0.0,nan,nan,nan
2.0,always_now,45,0.3474940794066018,0.2929430360478592,0.4059943417313885,1.0,1.0,1.0,0.355988210038104,0.29519256392347454,0.4226339472128364,0.23937153199778394,0.2072643235897478,0.27541678898392424,0.9556503763412387,0.9433968670933965,0.9672297398249253,0.0,0.0,0.0,1.0,1.0,1.0,0.0,0.0,0.0,0.0,0.0,0.0,0.0,0.0,0.0,1.9519025875190263,1.5615844748858454,2.3729619482496194,0.9784331802370959,0.9775168792687324,0.979318722302987,0.9022831050228309,0.8978147355403349,0.9068707191780825,21.00429186091375,20.737391189573863,21.295339455915627,0.02117958987607601,0.02079383425554104,0.021585805286998175,0.00015817717996534215,0.00015420669927083188,0.0001623126968287504,0.9925869040809439,0.9924418348546381,0.9927246322844456,7.711602204346195,7.562491526222524,7.852276442329627,1.3016850544123117,1.2780870230828327,1.3266690538527361,1.106432296250465,1.0863739696204078,1.1276686957748256,48.05167753262274,45.805151964779235,50.2710832599386,0.0,0.0,0.0,nan,nan,nan
2.0,ceiling_now,45,0.34697082846866356,0.2922279561349762,0.4055898275027972,0.9989009154757182,0.9959580171773904,1.00132528516105,0.3556736350167956,0.29566137672231585,0.42218524144615516,0.23917290996450596,0.20695513035815777,0.2749166472114357,0.9555980757489533,0.9426677036196726,0.9670027558486836,0.0,0.0,0.0,1.0,1.0,1.0,0.0,0.0,0.0,0.0,0.0,0.0,0.0,0.0,0.0,1.9519025875190263,1.552488584474886,2.3809238964992394,0.3920402026902232,0.3889063645756153,0.39527507323899164,0.0,0.0,0.0,21.00429186091375,20.736331937575347,21.271643711272898,0.011231404703268626,0.01101785141149821,0.01145017826821518,6.450761033165903e-05,6.232001316074105e-05,6.681287357258535e-05,0.9942796350406115,0.9940816917386184,0.994475678723884,14.576706859168231,14.291208568342295,14.856677918894288,0.6890936711394283,0.6760373351564261,0.7025210486173447,0.5857296204685142,0.5746317348829622,0.597142891324743,73.11822942441545,71.0001585435653,75.30351509788022,0.0,0.0,0.0,nan,nan,nan
2.0,ee_now,45,0.3468330402777565,0.2921440744102848,0.40547384028077377,0.9979843215247026,0.9945451662148316,1.0006379444528921,0.35558080907163464,0.296019166062851,0.4223999256467465,0.23896981006015205,0.20703247295165927,0.27348519060244264,0.9555321319985719,0.9423370141083877,0.9674584041976586,0.0,0.0,0.0,1.0,1.0,1.0,0.0,0.0,0.0,0.0,0.0,0.0,0.0,0.0,0.0,1.9519025875190263,1.524742770167428,2.361598173515981,0.978371627271972,0.9774227621318727,0.9792181014411468,0.9020101894131572,0.8976065607559616,0.9063497008709623,21.004291860913746,20.74439171725303,21.27361075128123,0.02117866544282171,0.020810747924974525,0.02157261641105295,0.0001585998001242957,0.00015440545804579835,0.00016289337358395522,0.9925670408710974,0.992417734048467,0.992711692690723,7.711782757463144,7.569002942522411,7.848076286678004,1.301654441902361,1.2790623496768938,1.325805044204763,1.106406275617007,1.0872029972253598,1.1269342875740485,47.918084912178294,45.53302486339469,50.098571029131435,0.0,0.0,0.0,nan,nan,nan
2.0,lazy_defer,45,0.3472898117549255,0.29250009247831105,0.406005427788288,0.9994882423684144,0.9990788362631459,0.9998976484736829,0.355795224174905,0.29468720850715613,0.4218211413604351,0.23925677608475368,0.20667489554060942,0.27491264932676124,0.9556703963612588,0.9430928182493852,0.9674966758663727,0.0,0.0,0.0,0.0,0.0,0.0,0.9996267622419489,0.9994541295837259,0.9997873375634194,3.3910929930480562,3.256857850707238,3.521612243242599,10.679629629629632,10.52773148148148,10.83148148148148,1.1923896499238966,0.9720426179604259,1.4125433789954338,0.9803025234834193,0.9792823819319804,0.9812977749332626,0.9095104008117707,0.9044961948249618,0.9146794985624894,21.004291860913746,20.737996366275016,21.27050929287371,0.021206105543001345,0.020842141861118293,0.021590606123800166,0.000151931888050242,0.000148941687709553,0.00015502565845403987,0.9928867857608735,0.9928140649732488,0.9929584418572206,7.704306021880619,7.56633180954251,7.835939161135024,1.3029216244868116,1.2805887998198051,1.3265558501441836,1.1074833808137898,1.0885004798468338,1.1275724726225564,51.18108695091948,48.08043891021036,54.2012988894744,0.0,0.0,0.0,nan,nan,nan
2.0,sunsched,45,0.29526115427214666,0.2520294776740605,0.34549626563524405,0.5729997679861506,0.5083428532249038,0.6354087521648129,0.3074500326943361,0.25406997793697034,0.3682081626566127,0.18862215034430732,0.1617785388586445,0.21954600885259504,0.9386704904428137,0.9272655294915396,0.9506897337585088,0.0,0.0,0.0,0.0,0.0,0.0,0.5393759382749175,0.4950604811939183,0.59030905703585,0.938643263739399,0.8540999490009936,1.0295770682510572,3.1302777777777724,2.314513888888887,4.095787037037027,1.1440487062404872,0.9214718417047187,1.3874277016742769,0.39897758921978366,0.39693401417367064,0.4010814006805139,0.0,0.0,0.0,21.00429186091375,20.7355803358111,21.290332385534153,0.011304431008345842,0.011087993990361904,0.01153734097197882,5.973580130376883e-05,5.847279087829779e-05,6.106487609065431e-05,0.9947368958650661,0.9946331378560589,0.9948390661682015,14.489117031522442,14.194216929705012,14.767896548097697,0.6932574553428319,0.6799746044718038,0.7075105974813862,0.589268837041407,0.5779784138010333,0.6013840078591783,77.32921784558067,74.4749082828462,80.19807574277742,0.0,0.0,0.0,0.9437245696400623,0.9430359937402188,0.9443505477308293
2.0,sunsched_lite,45,0.21872614019309983,0.17869076199916348,0.2634131101002179,0.0,0.0,0.0,0.2430803404469488,0.1915567062730322,0.3016906715977803,0.11300714483207486,0.09994956962019308,0.12772303821707354,0.9083464408140149,0.8860661744207055,0.9304026243632103,0.0,0.0,0.0,0.0,0.0,0.0,0.0,0.0,0.0,0.0,0.0,0.0,0.0,0.0,0.0,0.0,0.0,0.0,0.41290689132054936,0.4115477520478257,0.414424818481589,0.0,0.0,0.0,21.00429186091375,20.734548030619667,21.278075714969685,0.011459797552184472,0.011236495517222292,0.011691861760078316,5.410449674332665e-05,5.311604165056884e-05,5.50730151681733e-05,0.9952949875123683,0.995238429000897,0.9953540309625601,14.30154103807845,14.011353623196996,14.576272316500232,0.7023918751992002,0.6887363614399233,0.7165961523175279,0.5970330939193201,0.585425907223935,0.6091067294698986,83.26809160363253,79.47663659045533,87.48022035728461,0.0,0.0,0.0,0.9437245696400625,0.9430985915492955,0.944350547730829
2.0,sunsched_no_ceiling,45,0.2952611542721467,0.2540572042853737,0.3453237623692593,0.5729997679861506,0.5104797536987117,0.6386070635335677,0.3074500326943361,0.25700420864906254,0.3684498916202809,0.18862215034430732,0.16331925858670865,0.21923333184650223,0.9386704904428135,0.927558011485257,0.9507514121244258,0.0,0.0,0.0,0.0,0.0,0.0,0.5393759382749175,0.49581748796756386,0.5889044945464535,0.9962574257097289,0.9237165947888241,1.079326929769186,2.7694444444444377,2.0480694444444407,3.597212962962949,1.0890106544901066,0.8791841704718416,1.3114764079147638,0.9804123815003548,0.9794120698018328,0.9813606860712534,0.9104638085574158,0.9052516171993911,0.9156007261542362,21.004291860913746,20.72822060556162,21.282834128026916,0.02120828082598823,0.020815670370697863,0.021603650987619457,0.0001508613361527968,0.0001477205510998238,0.00015405337060909717,0.9929369040416406,0.9928701175323794,0.9930043648160207,7.703900266602155,7.562043013246997,7.845426880815065,1.3029890172905898,1.2788641545778485,1.3272623635973069,1.1075406646970014,1.087034531391171,1.1281730090577111,52.38297223154204,49.48003683543494,55.43481829040856,0.0,0.0,0.0,0.9437245696400625,0.9430985915492955,0.9443505477308293
2.0,sunsched_no_conformal,45,0.2952611542721467,0.25360148773075636,0.3451632568081935,0.5729997679861506,0.5068838734530393,0.6337197533945944,0.3074500326943361,0.2557162919259398,0.36794130811818,0.18862215034430732,0.16233780457232508,0.21934016777908485,0.9386704904428137,0.9273729809910293,0.9507635136828707,0.0,0.0,0.0,0.0,0.0,0.0,0.5393759382749175,0.4940848349060482,0.5907620853539661,0.938643263739399,0.8543809816021759,1.0292877586877012,3.1302777777777724,2.3123587962962944,4.130127314814804,1.1440487062404872,0.910421613394216,1.3848508371385082,0.39897758921978366,0.3968948002034059,0.40113951622528476,0.0,0.0,0.0,21.004291860913746,20.733887028466903,21.273037914195793,0.011304431008345842,0.011081221668014141,0.011524622268079647,5.973580130376883e-05,5.8429027037070823e-05,6.105752079687125e-05,0.994736895865066,0.9946405327751455,0.9948337868735654,14.489117031522442,14.206418813330288,14.779680804397143,0.6932574553428319,0.6795974846040578,0.7067805692223081,0.589268837041407,0.577657861913449,0.6007634838389619,77.32921784558069,74.31855797537399,80.40195448125809,0.0,0.0,0.0,0.6931455399061033,0.6841924882629106,0.7019092331768387
2.0,sunsched_no_defer,45,0.26125955745323515,0.22172914394822274,0.30856084805701467,0.29683640269677347,0.23878076927734138,0.3526148253040471,0.27850040186026864,0.22754977531308462,0.3385821666896953,0.15918934869944285,0.13505084863511505,0.18679031956896214,0.928665233710596,0.9131289452227308,0.9449056555579539,0.0,0.0,0.0,0.29074227533746416,0.24145427951750256,0.3470747536484022,0.0,0.0,0.0,0.0,0.0,0.0,0.0,0.0,0.0,1.0447488584474887,0.7562785388127852,1.361196347031963,0.4008020252222672,0.3984908223694048,0.403216399641371,0.0,0.0,0.0,21.004291860913746,20.741389646029308,21.28973009389785,0.011325175414170332,0.011110367389762517,0.011562934701796658,5.913816307999368e-05,5.761221441782172e-05,6.067319816753777e-05,0.9947982657214895,0.9946713361576783,0.9949178758371915,14.463811419130945,14.168792899949256,14.738024442349953,0.6944864848945979,0.6813718169094544,0.7090168200288832,0.590313512160408,0.5791660443730363,0.6026642970245508,78.26788049134981,75.32217804585999,81.3077568190816,0.0,0.0,0.0,0.9437245696400625,0.9430985915492955,0.944350547730829
2.0,triage_only,45,0.21872614019309983,0.1787190559129135,0.2633364435046418,0.0,0.0,0.0,0.24308034044694887,0.19185404287929453,0.30206730337544546,0.11300714483207486,0.10007055455937953,0.127427816623671,0.9083464408140148,0.8876871938858546,0.9305185592415325,0.0,0.0,0.0,0.0,0.0,0.0,0.0,0.0,0.0,0.0,0.0,0.0,0.0,0.0,0.0,0.0,0.0,0.0,0.9825377915793846,0.9814552070287952,0.9836743701438393,0.9212337223067817,0.9154724019110436,0.927251950152207,21.004291860913746,20.750087588382737,21.268557187370646,0.021238405585085076,0.02088099680196796,0.021626169297557542,0.00014452526618208782,0.00014189755728041437,0.0001471692971047169,0.9932406913883559,0.9931926873958735,0.9932918444070625,7.695332135424712,7.557399819911777,7.826420040023725,1.304440217925512,1.2824864765924175,1.3282071410874314,1.108774185236685,1.0901135051035549,1.1289760699243163,58.068091603629625,54.13185430933815,62.36314926284709,0.0,0.0,0.0,nan,nan,nan
